Date,Open,High,Low,Close,Shares Traded,Turnover (Rs. Cr)
01-Apr-05,-,-,-,1000,-,-
04-Apr-05,-,-,-,1001.33,-,-
05-Apr-05,-,-,-,1000.84,-,-
06-Apr-05,-,-,-,1014.49,-,-
07-Apr-05,-,-,-,1005.91,-,-
08-Apr-05,-,-,-,999.03,-,-
11-Apr-05,-,-,-,987.77,-,-
12-Apr-05,-,-,-,992.35,-,-
13-Apr-05,-,-,-,990.98,-,-
15-Apr-05,-,-,-,967.08,-,-
18-Apr-05,-,-,-,956.65,-,-
19-Apr-05,-,-,-,952.79,-,-
20-Apr-05,-,-,-,967.22,-,-
21-Apr-05,-,-,-,974.64,-,-
22-Apr-05,-,-,-,978.15,-,-
25-Apr-05,-,-,-,983.61,-,-
26-Apr-05,-,-,-,980.73,-,-
27-Apr-05,-,-,-,966.96,-,-
28-Apr-05,-,-,-,964.86,-,-
29-Apr-05,-,-,-,943.68,-,-
02-May-05,-,-,-,959.97,-,-
03-May-05,-,-,-,960.36,-,-
04-May-05,-,-,-,969.04,-,-
05-May-05,-,-,-,978.75,-,-
06-May-05,-,-,-,992.28,-,-
09-May-05,-,-,-,997.14,-,-
10-May-05,-,-,-,989.83,-,-
11-May-05,-,-,-,988.39,-,-
12-May-05,-,-,-,995.95,-,-
13-May-05,-,-,-,991.17,-,-
16-May-05,-,-,-,997.49,-,-
17-May-05,-,-,-,980.83,-,-
18-May-05,-,-,-,978.52,-,-
19-May-05,-,-,-,978.16,-,-
20-May-05,-,-,-,980.26,-,-
23-May-05,-,-,-,999.59,-,-
24-May-05,-,-,-,1001.52,-,-
25-May-05,-,-,-,1004.67,-,-
26-May-05,-,-,-,1006.26,-,-
27-May-05,-,-,-,1008.65,-,-
30-May-05,-,-,-,1005.76,-,-
31-May-05,-,-,-,1008.76,-,-
01-Jun-05,-,-,-,1015.54,-,-
02-Jun-05,-,-,-,1006.88,-,-
03-Jun-05,-,-,-,1018.6,-,-
04-Jun-05,-,-,-,1018.88,-,-
06-Jun-05,-,-,-,1015.2,-,-
07-Jun-05,-,-,-,1012.81,-,-
08-Jun-05,-,-,-,1013.3,-,-
09-Jun-05,-,-,-,1009.68,-,-
10-Jun-05,-,-,-,1006.43,-,-
13-Jun-05,-,-,-,1011.93,-,-
14-Jun-05,-,-,-,1015.41,-,-
15-Jun-05,-,-,-,1025.75,-,-
16-Jun-05,-,-,-,1021.37,-,-
17-Jun-05,-,-,-,1021.26,-,-
20-Jun-05,-,-,-,1032.29,-,-
21-Jun-05,-,-,-,1039.91,-,-
22-Jun-05,-,-,-,1047.23,-,-
23-Jun-05,-,-,-,1044.06,-,-
24-Jun-05,-,-,-,1050.59,-,-
27-Jun-05,-,-,-,1056.66,-,-
28-Jun-05,-,-,-,1039.76,-,-
29-Jun-05,-,-,-,1051.06,-,-
30-Jun-05,-,-,-,1059,-,-
01-Jul-05,-,-,-,1047.26,-,-
04-Jul-05,-,-,-,1053.63,-,-
05-Jul-05,-,-,-,1049.42,-,-
06-Jul-05,-,-,-,1052.78,-,-
07-Jul-05,-,-,-,1019.46,-,-
08-Jul-05,-,-,-,1019.21,-,-
11-Jul-05,-,-,-,1021.94,-,-
12-Jul-05,-,-,-,1025.8,-,-
13-Jul-05,-,-,-,1012.04,-,-
14-Jul-05,-,-,-,1014.23,-,-
15-Jul-05,-,-,-,1032.57,-,-
18-Jul-05,-,-,-,1036.09,-,-
19-Jul-05,-,-,-,1038.08,-,-
20-Jul-05,-,-,-,1048.48,-,-
21-Jul-05,-,-,-,1047.42,-,-
22-Jul-05,-,-,-,1064.52,-,-
25-Jul-05,-,-,-,1075.14,-,-
26-Jul-05,-,-,-,1071.51,-,-
27-Jul-05,-,-,-,1077.63,-,-
29-Jul-05,-,-,-,1065.1,-,-
01-Aug-05,-,-,-,1074.64,-,-
02-Aug-05,-,-,-,1121.12,-,-
03-Aug-05,-,-,-,1110.77,-,-
04-Aug-05,-,-,-,1113.8,-,-
05-Aug-05,-,-,-,1113.21,-,-
08-Aug-05,-,-,-,1094.76,-,-
09-Aug-05,-,-,-,1086.53,-,-
10-Aug-05,-,-,-,1103.79,-,-
11-Aug-05,-,-,-,1095.9,-,-
12-Aug-05,-,-,-,1083.47,-,-
16-Aug-05,-,-,-,1085.44,-,-
17-Aug-05,-,-,-,1110.39,-,-
18-Aug-05,-,-,-,1103,-,-
19-Aug-05,-,-,-,1108.91,-,-
22-Aug-05,-,-,-,1098.01,-,-
23-Aug-05,-,-,-,1080.47,-,-
24-Aug-05,-,-,-,1079.97,-,-
25-Aug-05,-,-,-,1084.17,-,-
26-Aug-05,-,-,-,1092.96,-,-
29-Aug-05,-,-,-,1085.98,-,-
30-Aug-05,-,-,-,1092.11,-,-
31-Aug-05,-,-,-,1105.08,-,-
01-Sep-05,-,-,-,1115.09,-,-
02-Sep-05,-,-,-,1120.4,-,-
05-Sep-05,-,-,-,1123.79,-,-
06-Sep-05,-,-,-,1126.22,-,-
08-Sep-05,-,-,-,1136.26,-,-
09-Sep-05,-,-,-,1132.76,-,-
12-Sep-05,-,-,-,1149.01,-,-
13-Sep-05,-,-,-,1157.76,-,-
14-Sep-05,-,-,-,1149.44,-,-
15-Sep-05,-,-,-,1160.2,-,-
16-Sep-05,-,-,-,1175.6,-,-
19-Sep-05,-,-,-,1189.53,-,-
20-Sep-05,-,-,-,1189.97,-,-
21-Sep-05,-,-,-,1185.1,-,-
22-Sep-05,-,-,-,1140.24,-,-
23-Sep-05,-,-,-,1143.24,-,-
26-Sep-05,-,-,-,1176.1,-,-
27-Sep-05,-,-,-,1187.76,-,-
28-Sep-05,-,-,-,1209.47,-,-
29-Sep-05,-,-,-,1213.87,-,-
30-Sep-05,-,-,-,1199.67,-,-
03-Oct-05,-,-,-,1218.05,-,-
04-Oct-05,-,-,-,1229.92,-,-
05-Oct-05,-,-,-,1220.37,-,-
06-Oct-05,-,-,-,1210.62,-,-
07-Oct-05,-,-,-,1209.44,-,-
10-Oct-05,-,-,-,1198.79,-,-
11-Oct-05,-,-,-,1206.26,-,-
13-Oct-05,-,-,-,1187.78,-,-
14-Oct-05,-,-,-,1161.22,-,-
17-Oct-05,-,-,-,1154.85,-,-
18-Oct-05,-,-,-,1149.24,-,-
19-Oct-05,-,-,-,1118.08,-,-
20-Oct-05,-,-,-,1111.23,-,-
21-Oct-05,-,-,-,1136.81,-,-
24-Oct-05,-,-,-,1125.99,-,-
25-Oct-05,-,-,-,1134.14,-,-
26-Oct-05,-,-,-,1126.87,-,-
27-Oct-05,-,-,-,1108.45,-,-
28-Oct-05,-,-,-,1089.57,-,-
31-Oct-05,-,-,-,1100.6,-,-
01-Nov-05,-,-,-,1112.89,-,-
02-Nov-05,-,-,-,1116.2,-,-
07-Nov-05,-,-,-,1133.99,-,-
08-Nov-05,-,-,-,1154.6,-,-
09-Nov-05,-,-,-,1150.02,-,-
10-Nov-05,-,-,-,1168.05,-,-
11-Nov-05,-,-,-,1195.85,-,-
14-Nov-05,-,-,-,1196.99,-,-
16-Nov-05,-,-,-,1208.06,-,-
17-Nov-05,-,-,-,1218.09,-,-
18-Nov-05,-,-,-,1218.58,-,-
21-Nov-05,-,-,-,1215.63,-,-
22-Nov-05,-,-,-,1197.59,-,-
23-Nov-05,-,-,-,1208.95,-,-
24-Nov-05,-,-,-,1216.9,-,-
25-Nov-05,-,-,-,1221.12,-,-
26-Nov-05,-,-,-,1229.32,-,-
28-Nov-05,-,-,-,1243.75,-,-
29-Nov-05,-,-,-,1253.66,-,-
30-Nov-05,-,-,-,1236.04,-,-
01-Dec-05,-,-,-,1253.21,-,-
02-Jan-06,-,-,-,1319.68,-,-
03-Jan-06,-,-,-,1338.7,-,-
04-Jan-06,-,-,-,1342.52,-,-
05-Jan-06,-,-,-,1346.32,-,-
06-Jan-06,-,-,-,1356.62,-,-
09-Jan-06,-,-,-,1362.93,-,-
10-Jan-06,-,-,-,1345.21,-,-
12-Jan-06,-,-,-,1331.47,-,-
13-Jan-06,-,-,-,1338.72,-,-
16-Jan-06,-,-,-,1329.56,-,-
17-Jan-06,-,-,-,1340.02,-,-
18-Jan-06,-,-,-,1324.64,-,-
19-Jan-06,-,-,-,1334.34,-,-
20-Jan-06,-,-,-,1349.63,-,-
23-Jan-06,-,-,-,1338.05,-,-
24-Jan-06,-,-,-,1332.04,-,-
25-Jan-06,-,-,-,1334.83,-,-
27-Jan-06,-,-,-,1340.35,-,-
30-Jan-06,-,-,-,1331.75,-,-
31-Jan-06,-,-,-,1333,-,-
01-Feb-06,-,-,-,1316.76,-,-
02-Feb-06,-,-,-,1310.87,-,-
03-Feb-06,-,-,-,1308.19,-,-
06-Feb-06,-,-,-,1324.16,-,-
07-Feb-06,-,-,-,1316.64,-,-
08-Feb-06,-,-,-,1315.62,-,-
10-Feb-06,-,-,-,1318.74,-,-
13-Feb-06,-,-,-,1323.75,-,-
14-Feb-06,-,-,-,1324.56,-,-
15-Feb-06,-,-,-,1321.14,-,-
16-Feb-06,-,-,-,1327.74,-,-
17-Feb-06,-,-,-,1306.67,-,-
20-Feb-06,-,-,-,1313.97,-,-
21-Feb-06,-,-,-,1318.66,-,-
22-Feb-06,-,-,-,1331.7,-,-
23-Feb-06,-,-,-,1335.29,-,-
24-Feb-06,-,-,-,1337.38,-,-
27-Feb-06,-,-,-,1337.23,-,-
28-Feb-06,-,-,-,1308.12,-,-
01-Mar-06,-,-,-,1304.09,-,-
02-Mar-06,-,-,-,1317.3,-,-
03-Mar-06,-,-,-,1317.09,-,-
06-Mar-06,-,-,-,1336.97,-,-
07-Mar-06,-,-,-,1336.36,-,-
08-Mar-06,-,-,-,1313,-,-
09-Mar-06,-,-,-,1316.62,-,-
10-Mar-06,-,-,-,1321.58,-,-
13-Mar-06,-,-,-,1334.49,-,-
14-Mar-06,-,-,-,1336.28,-,-
16-Mar-06,-,-,-,1352.26,-,-
17-Mar-06,-,-,-,1360.38,-,-
20-Mar-06,-,-,-,1367.26,-,-
21-Mar-06,-,-,-,1370.77,-,-
22-Mar-06,-,-,-,1367.01,-,-
23-Mar-06,-,-,-,1373.94,-,-
24-Mar-06,-,-,-,1382.43,-,-
27-Mar-06,-,-,-,1406.06,-,-
28-Mar-06,-,-,-,1406.29,-,-
29-Mar-06,-,-,-,1411.94,-,-
30-Mar-06,-,-,-,1433.87,-,-
31-Mar-06,-,-,-,1432.28,-,-
03-Apr-06,-,-,-,1462.61,-,-
04-Apr-06,-,-,-,1479.94,-,-
05-Apr-06,-,-,-,1477.94,-,-
07-Apr-06,-,-,-,1449.46,-,-
10-Apr-06,-,-,-,1461.36,-,-
12-Apr-06,-,-,-,1442.98,-,-
13-Apr-06,-,-,-,1438.83,-,-
17-Apr-06,-,-,-,1451.01,-,-
18-Apr-06,-,-,-,1484.95,-,-
19-Apr-06,-,-,-,1501.95,-,-
20-Apr-06,-,-,-,1530.41,-,-
21-Apr-06,-,-,-,1521.09,-,-
24-Apr-06,-,-,-,1529.96,-,-
25-Apr-06,-,-,-,1510.55,-,-
26-Apr-06,-,-,-,1556.18,-,-
27-Apr-06,-,-,-,1530.4,-,-
28-Apr-06,-,-,-,1537.95,-,-
29-Apr-06,-,-,-,1545.18,-,-
02-May-06,-,-,-,1557.52,-,-
03-May-06,-,-,-,1568.08,-,-
04-May-06,-,-,-,1597.24,-,-
05-May-06,-,-,-,1624.06,-,-
08-May-06,-,-,-,1652.53,-,-
09-May-06,-,-,-,1669.75,-,-
10-May-06,-,-,-,1702.36,-,-
11-May-06,-,-,-,1648.38,-,-
12-May-06,-,-,-,1604.73,-,-
15-May-06,-,-,-,1538.19,-,-
16-May-06,-,-,-,1538.32,-,-
17-May-06,-,-,-,1595.73,-,-
18-May-06,-,-,-,1492.55,-,-
19-May-06,-,-,-,1445.56,-,-
22-May-06,-,-,-,1351.91,-,-
23-May-06,-,-,-,1402.42,-,-
24-May-06,-,-,-,1357.95,-,-
25-May-06,-,-,-,1372.58,-,-
26-May-06,-,-,-,1393.93,-,-
29-May-06,-,-,-,1387.85,-,-
30-May-06,-,-,-,1380.47,-,-
31-May-06,-,-,-,1340.42,-,-
01-Jun-06,-,-,-,1287.39,-,-
02-Jun-06,-,-,-,1332.21,-,-
05-Jun-06,-,-,-,1289.13,-,-
06-Jun-06,-,-,-,1252.27,-,-
07-Jun-06,-,-,-,1193.34,-,-
08-Jun-06,-,-,-,1110.18,-,-
09-Jun-06,-,-,-,1181.98,-,-
12-Jun-06,-,-,-,1157.98,-,-
13-Jun-06,-,-,-,1112.99,-,-
14-Jun-06,-,-,-,1122.26,-,-
15-Jun-06,-,-,-,1183.78,-,-
16-Jun-06,-,-,-,1212.08,-,-
19-Jun-06,-,-,-,1223.72,-,-
20-Jun-06,-,-,-,1217.73,-,-
21-Jun-06,-,-,-,1244.28,-,-
22-Jun-06,-,-,-,1270.87,-,-
23-Jun-06,-,-,-,1301.08,-,-
25-Jun-06,-,-,-,1308.16,-,-
26-Jun-06,-,-,-,1265.8,-,-
27-Jun-06,-,-,-,1270.46,-,-
28-Jun-06,-,-,-,1272.38,-,-
29-Jun-06,-,-,-,1274.93,-,-
30-Jun-06,-,-,-,1322.61,-,-
03-Jul-06,-,-,-,1332.32,-,-
04-Jul-06,-,-,-,1326.05,-,-
05-Jul-06,-,-,-,1344.87,-,-
06-Jul-06,-,-,-,1332.91,-,-
07-Jul-06,-,-,-,1293.34,-,-
10-Jul-06,-,-,-,1321.4,-,-
11-Jul-06,-,-,-,1318.32,-,-
12-Jul-06,-,-,-,1326.19,-,-
13-Jul-06,-,-,-,1317.02,-,-
14-Jul-06,-,-,-,1303.51,-,-
17-Jul-06,-,-,-,1245.67,-,-
18-Jul-06,-,-,-,1232.4,-,-
19-Jul-06,-,-,-,1225.52,-,-
20-Jul-06,-,-,-,1241.56,-,-
21-Jul-06,-,-,-,1216.17,-,-
24-Jul-06,-,-,-,1220.5,-,-
25-Jul-06,-,-,-,1255.74,-,-
26-Jul-06,-,-,-,1296.32,-,-
27-Jul-06,-,-,-,1300.45,-,-
28-Jul-06,-,-,-,1287.33,-,-
31-Jul-06,-,-,-,1288.74,-,-
01-Aug-06,-,-,-,1292.09,-,-
02-Aug-06,-,-,-,1302.1,-,-
03-Aug-06,-,-,-,1296.34,-,-
04-Aug-06,-,-,-,1279.98,-,-
07-Aug-06,-,-,-,1270.1,-,-
08-Aug-06,-,-,-,1293.74,-,-
09-Aug-06,-,-,-,1307.35,-,-
10-Aug-06,-,-,-,1311.85,-,-
11-Aug-06,-,-,-,1330.12,-,-
14-Aug-06,-,-,-,1366.39,-,-
16-Aug-06,-,-,-,1410.66,-,-
17-Aug-06,-,-,-,1396.45,-,-
18-Aug-06,-,-,-,1419.48,-,-
21-Aug-06,-,-,-,1419.99,-,-
22-Aug-06,-,-,-,1401.56,-,-
23-Aug-06,-,-,-,1395.2,-,-
24-Aug-06,-,-,-,1418.88,-,-
25-Aug-06,-,-,-,1434.75,-,-
28-Aug-06,-,-,-,1445.34,-,-
29-Aug-06,-,-,-,1457.46,-,-
30-Aug-06,-,-,-,1471.72,-,-
31-Aug-06,-,-,-,1453.75,-,-
01-Sep-06,-,-,-,1463.33,-,-
04-Sep-06,-,-,-,1488.16,-,-
05-Sep-06,-,-,-,1488.59,-,-
06-Sep-06,-,-,-,1498.21,-,-
07-Sep-06,-,-,-,1479.89,-,-
08-Sep-06,-,-,-,1492.72,-,-
11-Sep-06,-,-,-,1452.31,-,-
12-Sep-06,-,-,-,1449.55,-,-
13-Sep-06,-,-,-,1470.97,-,-
14-Sep-06,-,-,-,1475.12,-,-
15-Sep-06,-,-,-,1479.93,-,-
18-Sep-06,-,-,-,1480.42,-,-
19-Sep-06,-,-,-,1454.34,-,-
20-Sep-06,-,-,-,1465.86,-,-
21-Sep-06,-,-,-,1485.16,-,-
22-Sep-06,-,-,-,1483.36,-,-
25-Sep-06,-,-,-,1484.33,-,-
26-Sep-06,-,-,-,1495.47,-,-
27-Sep-06,-,-,-,1496.11,-,-
28-Sep-06,-,-,-,1483.8,-,-
29-Sep-06,-,-,-,1479.64,-,-
03-Oct-06,-,-,-,1475.14,-,-
04-Oct-06,-,-,-,1465.09,-,-
05-Oct-06,-,-,-,1483.75,-,-
06-Oct-06,-,-,-,1505.75,-,-
09-Oct-06,-,-,-,1501.16,-,-
10-Oct-06,-,-,-,1496.79,-,-
11-Oct-06,-,-,-,1485.87,-,-
12-Oct-06,-,-,-,1512.09,-,-
13-Oct-06,-,-,-,1517.15,-,-
16-Oct-06,-,-,-,1521.83,-,-
17-Oct-06,-,-,-,1506.37,-,-
18-Oct-06,-,-,-,1506.58,-,-
19-Oct-06,-,-,-,1496.4,-,-
20-Oct-06,-,-,-,1489.91,-,-
21-Oct-06,-,-,-,1499.01,-,-
23-Oct-06,-,-,-,1493.67,-,-
26-Oct-06,-,-,-,1475.13,-,-
27-Oct-06,-,-,-,1505.98,-,-
30-Oct-06,-,-,-,1527,-,-
31-Oct-06,-,-,-,1522.48,-,-
01-Nov-06,-,-,-,1531.56,-,-
02-Nov-06,-,-,-,1556.68,-,-
03-Nov-06,-,-,-,1571.91,-,-
06-Nov-06,-,-,-,1565.26,-,-
07-Nov-06,-,-,-,1549.45,-,-
08-Nov-06,-,-,-,1529.02,-,-
09-Nov-06,-,-,-,1534.92,-,-
10-Nov-06,-,-,-,1543.1,-,-
13-Nov-06,-,-,-,1546.35,-,-
14-Nov-06,-,-,-,1553.77,-,-
15-Nov-06,-,-,-,1546.27,-,-
16-Nov-06,-,-,-,1541.13,-,-
17-Nov-06,-,-,-,1542.88,-,-
20-Nov-06,-,-,-,1530.55,-,-
21-Nov-06,-,-,-,1544.15,-,-
22-Nov-06,-,-,-,1543.8,-,-
23-Nov-06,-,-,-,1541.49,-,-
24-Nov-06,-,-,-,1541.05,-,-
27-Nov-06,-,-,-,1540.81,-,-
28-Nov-06,-,-,-,1526.97,-,-
29-Nov-06,-,-,-,1511.8,-,-
30-Nov-06,-,-,-,1502.17,-,-
01-Dec-06,-,-,-,1514.34,-,-
02-Jan-07,-,-,-,1536.99,-,-
03-Jan-07,-,-,-,1533.97,-,-
04-Jan-07,-,-,-,1551.53,-,-
05-Jan-07,-,-,-,1576.06,-,-
08-Jan-07,-,-,-,1574.34,-,-
09-Jan-07,-,-,-,1579.1,-,-
10-Jan-07,-,-,-,1554.12,-,-
11-Jan-07,-,-,-,1583.37,-,-
12-Jan-07,-,-,-,1620.16,-,-
15-Jan-07,-,-,-,1624.27,-,-
16-Jan-07,-,-,-,1614.28,-,-
17-Jan-07,-,-,-,1619.31,-,-
18-Jan-07,-,-,-,1647.13,-,-
19-Jan-07,-,-,-,1639.89,-,-
22-Jan-07,-,-,-,1631.33,-,-
23-Jan-07,-,-,-,1620.76,-,-
24-Jan-07,-,-,-,1633.97,-,-
25-Jan-07,-,-,-,1657.92,-,-
29-Jan-07,-,-,-,1658.85,-,-
31-Jan-07,-,-,-,1639.77,-,-
01-Feb-07,-,-,-,1641.41,-,-
02-Feb-07,-,-,-,1641.14,-,-
05-Feb-07,-,-,-,1650,-,-
06-Feb-07,-,-,-,1644.55,-,-
07-Feb-07,-,-,-,1630.33,-,-
08-Feb-07,-,-,-,1633.3,-,-
09-Feb-07,-,-,-,1615.4,-,-
12-Feb-07,-,-,-,1576.78,-,-
13-Feb-07,-,-,-,1588.11,-,-
14-Feb-07,-,-,-,1592.47,-,-
15-Feb-07,-,-,-,1610.51,-,-
19-Feb-07,-,-,-,1622.23,-,-
20-Feb-07,-,-,-,1607.57,-,-
21-Feb-07,-,-,-,1597.15,-,-
22-Feb-07,-,-,-,1580.27,-,-
23-Feb-07,-,-,-,1554.24,-,-
26-Feb-07,-,-,-,1551.06,-,-
27-Feb-07,-,-,-,1537.65,-,-
28-Feb-07,-,-,-,1502.45,-,-
01-Mar-07,-,-,-,1509.76,-,-
02-Mar-07,-,-,-,1488.66,-,-
05-Mar-07,-,-,-,1422.21,-,-
06-Mar-07,-,-,-,1449.5,-,-
07-Mar-07,-,-,-,1438.29,-,-
08-Mar-07,-,-,-,1468.01,-,-
09-Mar-07,-,-,-,1452.37,-,-
12-Mar-07,-,-,-,1466.15,-,-
13-Mar-07,-,-,-,1483.06,-,-
14-Mar-07,-,-,-,1440.38,-,-
15-Mar-07,-,-,-,1443.96,-,-
16-Mar-07,-,-,-,1438.59,-,-
19-Mar-07,-,-,-,1468.15,-,-
20-Mar-07,-,-,-,1488.75,-,-
21-Mar-07,-,-,-,1499.11,-,-
22-Mar-07,-,-,-,1530.31,-,-
23-Mar-07,-,-,-,1516.71,-,-
26-Mar-07,-,-,-,1520.52,-,-
28-Mar-07,-,-,-,1506.81,-,-
29-Mar-07,-,-,-,1516.77,-,-
30-Mar-07,-,-,-,1520.53,-,-
02-Apr-07,-,-,-,1467.2,-,-
03-Apr-07,-,-,-,1497.17,-,-
04-Apr-07,-,-,-,1512.45,-,-
05-Apr-07,-,-,-,1519.36,-,-
09-Apr-07,-,-,-,1551.17,-,-
10-Apr-07,-,-,-,1565.71,-,-
11-Apr-07,-,-,-,1567.37,-,-
12-Apr-07,-,-,-,1542.84,-,-
13-Apr-07,-,-,-,1560.06,-,-
16-Apr-07,-,-,-,1600.51,-,-
17-Apr-07,-,-,-,1613.71,-,-
18-Apr-07,-,-,-,1616.5,-,-
19-Apr-07,-,-,-,1610.82,-,-
20-Apr-07,-,-,-,1646.23,-,-
23-Apr-07,-,-,-,1656.22,-,-
24-Apr-07,-,-,-,1673.25,-,-
25-Apr-07,-,-,-,1693.57,-,-
26-Apr-07,-,-,-,1703.73,-,-
27-Apr-07,-,-,-,1674.18,-,-
30-Apr-07,-,-,-,1687.21,-,-
03-May-07,-,-,-,1721.5,-,-
04-May-07,-,-,-,1710.85,-,-
07-May-07,-,-,-,1727.14,-,-
08-May-07,-,-,-,1703.22,-,-
09-May-07,-,-,-,1700.02,-,-
10-May-07,-,-,-,1682.89,-,-
11-May-07,-,-,-,1682.43,-,-
14-May-07,-,-,-,1724.84,-,-
15-May-07,-,-,-,1729.38,-,-
16-May-07,-,-,-,1744.66,-,-
17-May-07,-,-,-,1780.99,-,-
18-May-07,-,-,-,1778.1,-,-
21-May-07,-,-,-,1821.59,-,-
22-May-07,-,-,-,1825.69,-,-
23-May-07,-,-,-,1803.3,-,-
24-May-07,-,-,-,1774.8,-,-
25-May-07,-,-,-,1779.41,-,-
28-May-07,-,-,-,1789.69,-,-
29-May-07,-,-,-,1802.67,-,-
30-May-07,-,-,-,1786.8,-,-
31-May-07,-,-,-,1799.82,-,-
01-Jun-07,-,-,-,1802.34,-,-
04-Jun-07,-,-,-,1773.77,-,-
05-Jun-07,-,-,-,1776.52,-,-
06-Jun-07,-,-,-,1728.74,-,-
07-Jun-07,-,-,-,1714.01,-,-
08-Jun-07,-,-,-,1708.62,-,-
11-Jun-07,-,-,-,1722.43,-,-
12-Jun-07,-,-,-,1729,-,-
13-Jun-07,-,-,-,1712.52,-,-
14-Jun-07,-,-,-,1732.11,-,-
15-Jun-07,-,-,-,1731.77,-,-
18-Jun-07,-,-,-,1727.8,-,-
19-Jun-07,-,-,-,1766.02,-,-
20-Jun-07,-,-,-,1771.74,-,-
21-Jun-07,-,-,-,1785.21,-,-
22-Jun-07,-,-,-,1774.28,-,-
25-Jun-07,-,-,-,1776.24,-,-
26-Jun-07,-,-,-,1788.82,-,-
27-Jun-07,-,-,-,1774.42,-,-
28-Jun-07,-,-,-,1771.51,-,-
29-Jun-07,-,-,-,1778.37,-,-
02-Jul-07,-,-,-,1776.37,-,-
03-Jul-07,-,-,-,1778.46,-,-
04-Jul-07,-,-,-,1771.46,-,-
05-Jul-07,-,-,-,1767.73,-,-
06-Jul-07,-,-,-,1762.26,-,-
09-Jul-07,-,-,-,1772.24,-,-
10-Jul-07,-,-,-,1771.79,-,-
11-Jul-07,-,-,-,1774.42,-,-
12-Jul-07,-,-,-,1780.54,-,-
13-Jul-07,-,-,-,1806.49,-,-
16-Jul-07,-,-,-,1815.89,-,-
17-Jul-07,-,-,-,1825.18,-,-
18-Jul-07,-,-,-,1816.21,-,-
19-Jul-07,-,-,-,1842.25,-,-
20-Jul-07,-,-,-,1839.94,-,-
23-Jul-07,-,-,-,1856.53,-,-
24-Jul-07,-,-,-,1855.42,-,-
25-Jul-07,-,-,-,1854.08,-,-
26-Jul-07,-,-,-,1875.44,-,-
27-Jul-07,-,-,-,1807.37,-,-
30-Jul-07,-,-,-,1811.33,-,-
31-Jul-07,-,-,-,1839.95,-,-
01-Aug-07,-,-,-,1765.52,-,-
02-Aug-07,-,-,-,1767.44,-,-
03-Aug-07,-,-,-,1776.74,-,-
06-Aug-07,-,-,-,1758.12,-,-
07-Aug-07,-,-,-,1780,-,-
08-Aug-07,-,-,-,1819.77,-,-
09-Aug-07,-,-,-,1781.67,-,-
10-Aug-07,-,-,-,1752.67,-,-
13-Aug-07,-,-,-,1761.72,-,-
14-Aug-07,-,-,-,1771.4,-,-
16-Aug-07,-,-,-,1707.6,-,-
17-Aug-07,-,-,-,1667.07,-,-
20-Aug-07,-,-,-,1713.17,-,-
21-Aug-07,-,-,-,1658.49,-,-
22-Aug-07,-,-,-,1680.51,-,-
23-Aug-07,-,-,-,1652.2,-,-
24-Aug-07,-,-,-,1674.5,-,-
27-Aug-07,-,-,-,1714.46,-,-
28-Aug-07,-,-,-,1729.69,-,-
29-Aug-07,-,-,-,1763.25,-,-
30-Aug-07,-,-,-,1765.93,-,-
31-Aug-07,-,-,-,1794.55,-,-
03-Sep-07,-,-,-,1790.19,-,-
04-Sep-07,-,-,-,1799.73,-,-
05-Sep-07,-,-,-,1794.48,-,-
06-Sep-07,-,-,-,1806.16,-,-
07-Sep-07,-,-,-,1806.12,-,-
10-Sep-07,-,-,-,1814.11,-,-
11-Sep-07,-,-,-,1820.71,-,-
12-Sep-07,-,-,-,1818.36,-,-
13-Sep-07,-,-,-,1831.94,-,-
14-Sep-07,-,-,-,1823.56,-,-
17-Sep-07,-,-,-,1822.29,-,-
18-Sep-07,-,-,-,1853.65,-,-
19-Sep-07,-,-,-,1929.06,-,-
20-Sep-07,-,-,-,1950.8,-,-
21-Sep-07,-,-,-,2024.84,-,-
24-Sep-07,-,-,-,2081.89,-,-
25-Sep-07,-,-,-,2116.78,-,-
26-Sep-07,-,-,-,2118.65,-,-
27-Sep-07,-,-,-,2126.5,-,-
28-Sep-07,-,-,-,2126.16,-,-
01-Oct-07,-,-,-,2181.98,-,-
03-Oct-07,-,-,-,2219.84,-,-
04-Oct-07,-,-,-,2194.64,-,-
05-Oct-07,-,-,-,2197.08,-,-
08-Oct-07,-,-,-,2123.06,-,-
09-Oct-07,-,-,-,2220.66,-,-
10-Oct-07,-,-,-,2247.1,-,-
11-Oct-07,-,-,-,2302.88,-,-
12-Oct-07,-,-,-,2289.6,-,-
15-Oct-07,-,-,-,2394.14,-,-
16-Oct-07,-,-,-,2381.76,-,-
17-Oct-07,-,-,-,2329.76,-,-
18-Oct-07,-,-,-,2275.31,-,-
19-Oct-07,-,-,-,2221.25,-,-
22-Oct-07,-,-,-,2202.03,-,-
23-Oct-07,-,-,-,2320.45,-,-
24-Oct-07,-,-,-,2313.04,-,-
25-Oct-07,-,-,-,2327.11,-,-
26-Oct-07,-,-,-,2383.77,-,-
29-Oct-07,-,-,-,2475.37,-,-
30-Oct-07,-,-,-,2467.75,-,-
31-Oct-07,-,-,-,2509.68,-,-
01-Nov-07,-,-,-,2547.68,-,-
02-Nov-07,-,-,-,2608.14,-,-
05-Nov-07,-,-,-,2594.63,-,-
06-Nov-07,-,-,-,2598.31,-,-
07-Nov-07,-,-,-,2623.86,-,-
08-Nov-07,-,-,-,2592.38,-,-
09-Nov-07,-,-,-,2602.04,-,-
12-Nov-07,-,-,-,2552.78,-,-
13-Nov-07,-,-,-,2574.37,-,-
14-Nov-07,-,-,-,2714.41,-,-
15-Nov-07,-,-,-,2795.21,-,-
16-Nov-07,-,-,-,2839.19,-,-
19-Nov-07,-,-,-,2855.12,-,-
20-Nov-07,-,-,-,2761.13,-,-
21-Nov-07,-,-,-,2632.55,-,-
22-Nov-07,-,-,-,2596.23,-,-
23-Nov-07,-,-,-,2643.25,-,-
26-Nov-07,-,-,-,2699.69,-,-
27-Nov-07,-,-,-,2726.14,-,-
28-Nov-07,-,-,-,2671.41,-,-
29-Nov-07,-,-,-,2652.48,-,-
30-Nov-07,-,-,-,2749.59,-,-
01-Jan-08,-,-,-,3129.49,-,-
02-Jan-08,-,-,-,3153.96,-,-
03-Jan-08,-,-,-,3219,-,-
04-Jan-08,-,-,-,3283.23,-,-
07-Jan-08,-,-,-,3258.23,-,-
08-Jan-08,-,-,-,3257.15,-,-
09-Jan-08,-,-,-,3206.66,-,-
10-Jan-08,-,-,-,3117.42,-,-
11-Jan-08,-,-,-,3159.6,-,-
14-Jan-08,-,-,-,3211.01,-,-
15-Jan-08,-,-,-,3154.08,-,-
16-Jan-08,-,-,-,3103.52,-,-
17-Jan-08,-,-,-,3068.07,-,-
18-Jan-08,-,-,-,2906.74,-,-
21-Jan-08,-,-,-,2550.67,-,-
22-Jan-08,-,-,-,2274.11,-,-
23-Jan-08,-,-,-,2438.75,-,-
24-Jan-08,-,-,-,2355.09,-,-
25-Jan-08,-,-,-,2526.02,-,-
28-Jan-08,-,-,-,2497.62,-,-
29-Jan-08,-,-,-,2526.64,-,-
30-Jan-08,-,-,-,2412.97,-,-
31-Jan-08,-,-,-,2419.09,-,-
01-Feb-08,-,-,-,2508.43,-,-
04-Feb-08,-,-,-,2576.01,-,-
05-Feb-08,-,-,-,2608.75,-,-
06-Feb-08,-,-,-,2557.25,-,-
07-Feb-08,-,-,-,2449.12,-,-
08-Feb-08,-,-,-,2449.36,-,-
11-Feb-08,-,-,-,2281.75,-,-
12-Feb-08,-,-,-,2280.36,-,-
13-Feb-08,-,-,-,2328.83,-,-
14-Feb-08,-,-,-,2510.42,-,-
15-Feb-08,-,-,-,2580.61,-,-
18-Feb-08,-,-,-,2572.23,-,-
19-Feb-08,-,-,-,2549.59,-,-
20-Feb-08,-,-,-,2496.16,-,-
21-Feb-08,-,-,-,2493.73,-,-
22-Feb-08,-,-,-,2455.59,-,-
25-Feb-08,-,-,-,2521.99,-,-
26-Feb-08,-,-,-,2573.46,-,-
27-Feb-08,-,-,-,2585.21,-,-
28-Feb-08,-,-,-,2575.74,-,-
29-Feb-08,-,-,-,2555.27,-,-
03-Mar-08,-,-,-,2435.19,-,-
04-Mar-08,-,-,-,2371.92,-,-
05-Mar-08,-,-,-,2407.84,-,-
07-Mar-08,-,-,-,2328.37,-,-
10-Mar-08,-,-,-,2369.33,-,-
11-Mar-08,-,-,-,2446.91,-,-
12-Mar-08,-,-,-,2470.48,-,-
13-Mar-08,-,-,-,2335.64,-,-
14-Mar-08,-,-,-,2394.01,-,-
17-Mar-08,-,-,-,2271.78,-,-
18-Mar-08,-,-,-,2268.14,-,-
19-Mar-08,-,-,-,2271.21,-,-
24-Mar-08,-,-,-,2250.85,-,-
25-Mar-08,-,-,-,2392.44,-,-
26-Mar-08,-,-,-,2375.52,-,-
27-Mar-08,-,-,-,2361.78,-,-
28-Mar-08,-,-,-,2425.24,-,-
31-Mar-08,-,-,-,2319.87,-,-
01-Apr-08,-,-,-,2384.27,-,-
02-Apr-08,-,-,-,2382.63,-,-
03-Apr-08,-,-,-,2413.22,-,-
04-Apr-08,-,-,-,2368.97,-,-
07-Apr-08,-,-,-,2413.37,-,-
08-Apr-08,-,-,-,2403.79,-,-
09-Apr-08,-,-,-,2421.38,-,-
10-Apr-08,-,-,-,2435.42,-,-
11-Apr-08,-,-,-,2487.49,-,-
15-Apr-08,-,-,-,2545.37,-,-
16-Apr-08,-,-,-,2560.34,-,-
17-Apr-08,-,-,-,2565.95,-,-
21-Apr-08,-,-,-,2590.55,-,-
22-Apr-08,-,-,-,2597.4,-,-
23-Apr-08,-,-,-,2587.31,-,-
24-Apr-08,-,-,-,2567.77,-,-
25-Apr-08,-,-,-,2608.8,-,-
28-Apr-08,-,-,-,2590.37,-,-
29-Apr-08,-,-,-,2628.24,-,-
30-Apr-08,-,-,-,2589.49,-,-
02-May-08,-,-,-,2635.09,-,-
05-May-08,-,-,-,2635.52,-,-
06-May-08,-,-,-,2625.69,-,-
07-May-08,-,-,-,2638.89,-,-
08-May-08,-,-,-,2613.6,-,-
09-May-08,-,-,-,2525.32,-,-
12-May-08,-,-,-,2544.36,-,-
13-May-08,-,-,-,2472.35,-,-
14-May-08,-,-,-,2438.18,-,-
15-May-08,-,-,-,2485.34,-,-
16-May-08,-,-,-,2520.47,-,-
20-May-08,-,-,-,2505.62,-,-
21-May-08,-,-,-,2549.7,-,-
22-May-08,-,-,-,2509.9,-,-
23-May-08,-,-,-,2457.19,-,-
26-May-08,-,-,-,2421.63,-,-
27-May-08,-,-,-,2406.11,-,-
28-May-08,-,-,-,2408.12,-,-
29-May-08,-,-,-,2366.52,-,-
30-May-08,-,-,-,2353.43,-,-
02-Jun-08,-,-,-,2292.44,-,-
03-Jun-08,-,-,-,2333.06,-,-
04-Jun-08,-,-,-,2273.67,-,-
05-Jun-08,-,-,-,2311.08,-,-
06-Jun-08,-,-,-,2297.2,-,-
09-Jun-08,-,-,-,2211.75,-,-
10-Jun-08,-,-,-,2183.23,-,-
11-Jun-08,-,-,-,2201.82,-,-
12-Jun-08,-,-,-,2221.13,-,-
13-Jun-08,-,-,-,2220.11,-,-
16-Jun-08,-,-,-,2236.94,-,-
17-Jun-08,-,-,-,2286.47,-,-
18-Jun-08,-,-,-,2261.45,-,-
19-Jun-08,-,-,-,2228.23,-,-
20-Jun-08,-,-,-,2151.12,-,-
23-Jun-08,-,-,-,2111.76,-,-
24-Jun-08,-,-,-,2072.54,-,-
25-Jun-08,-,-,-,2120.33,-,-
26-Jun-08,-,-,-,2152.64,-,-
27-Jun-08,-,-,-,2079.89,-,-
30-Jun-08,-,-,-,2000.54,-,-
01-Jul-08,-,-,-,1925.94,-,-
02-Jul-08,-,-,-,2030.79,-,-
03-Jul-08,-,-,-,1987.76,-,-
04-Jul-08,-,-,-,2018.41,-,-
07-Jul-08,-,-,-,2006.93,-,-
08-Jul-08,-,-,-,1990.41,-,-
09-Jul-08,-,-,-,2067.24,-,-
10-Jul-08,-,-,-,2072,-,-
11-Jul-08,-,-,-,2014.66,-,-
14-Jul-08,-,-,-,2032.74,-,-
15-Jul-08,-,-,-,1969.45,-,-
16-Jul-08,-,-,-,1964.55,-,-
17-Jul-08,-,-,-,2040.69,-,-
18-Jul-08,-,-,-,2127.92,-,-
21-Jul-08,-,-,-,2129.82,-,-
22-Jul-08,-,-,-,2146.9,-,-
23-Jul-08,-,-,-,2251.48,-,-
24-Jul-08,-,-,-,2292.9,-,-
25-Jul-08,-,-,-,2220.48,-,-
28-Jul-08,-,-,-,2254.74,-,-
29-Jul-08,-,-,-,2183.77,-,-
30-Jul-08,-,-,-,2248.19,-,-
31-Jul-08,-,-,-,2259.24,-,-
01-Aug-08,-,-,-,2315.7,-,-
04-Aug-08,-,-,-,2326.46,-,-
05-Aug-08,-,-,-,2358.26,-,-
06-Aug-08,-,-,-,2366.58,-,-
07-Aug-08,-,-,-,2373.62,-,-
08-Aug-08,-,-,-,2380.98,-,-
11-Aug-08,-,-,-,2446.48,-,-
12-Aug-08,-,-,-,2433.85,-,-
13-Aug-08,-,-,-,2432.14,-,-
14-Aug-08,-,-,-,2384.33,-,-
18-Aug-08,-,-,-,2348.58,-,-
19-Aug-08,-,-,-,2347.48,-,-
20-Aug-08,-,-,-,2344.48,-,-
21-Aug-08,-,-,-,2283.44,-,-
22-Aug-08,-,-,-,2289.93,-,-
25-Aug-08,-,-,-,2283.35,-,-
26-Aug-08,-,-,-,2270.83,-,-
27-Aug-08,-,-,-,2249.97,-,-
28-Aug-08,-,-,-,2199.89,-,-
29-Aug-08,-,-,-,2259.95,-,-
01-Sep-08,-,-,-,2271.26,-,-
02-Sep-08,-,-,-,2361.1,-,-
04-Sep-08,-,-,-,2334.91,-,-
05-Sep-08,-,-,-,2311.34,-,-
08-Sep-08,-,-,-,2343.02,-,-
09-Sep-08,-,-,-,2349.31,-,-
10-Sep-08,-,-,-,2301.79,-,-
11-Sep-08,-,-,-,2233.26,-,-
12-Sep-08,-,-,-,2191.37,-,-
15-Sep-08,-,-,-,2104.9,-,-
16-Sep-08,-,-,-,2117.4,-,-
17-Sep-08,-,-,-,2094.61,-,-
18-Sep-08,-,-,-,2135.43,-,-
19-Sep-08,-,-,-,2237.74,-,-
22-Sep-08,-,-,-,2219.17,-,-
23-Sep-08,-,-,-,2206.27,-,-
24-Sep-08,-,-,-,2226.81,-,-
25-Sep-08,-,-,-,2208.38,-,-
26-Sep-08,-,-,-,2145.36,-,-
29-Sep-08,-,-,-,2101.49,-,-
30-Sep-08,-,-,-,2141.45,-,-
01-Oct-08,-,-,-,2132.36,-,-
03-Oct-08,-,-,-,2041.28,-,-
06-Oct-08,-,-,-,1928.99,-,-
07-Oct-08,-,-,-,1926.67,-,-
08-Oct-08,-,-,-,1857.44,-,-
10-Oct-08,-,-,-,1738.05,-,-
13-Oct-08,-,-,-,1810.32,-,-
14-Oct-08,-,-,-,1812.45,-,-
15-Oct-08,-,-,-,1723.7,-,-
16-Oct-08,-,-,-,1656.25,-,-
17-Oct-08,-,-,-,1601.76,-,-
20-Oct-08,-,-,-,1613.03,-,-
21-Oct-08,-,-,-,1650.61,-,-
22-Oct-08,-,-,-,1566.83,-,-
23-Oct-08,-,-,-,1511.29,-,-
24-Oct-08,-,-,-,1302.32,-,-
27-Oct-08,-,-,-,1259.09,-,-
28-Oct-08,-,-,-,1346.03,-,-
29-Oct-08,-,-,-,1373.76,-,-
31-Oct-08,-,-,-,1460.5,-,-
03-Nov-08,-,-,-,1550.15,-,-
04-Nov-08,-,-,-,1615.55,-,-
05-Nov-08,-,-,-,1508.3,-,-
06-Nov-08,-,-,-,1457.82,-,-
07-Nov-08,-,-,-,1501.92,-,-
10-Nov-08,-,-,-,1584.97,-,-
11-Nov-08,-,-,-,1477.22,-,-
12-Nov-08,-,-,-,1443.77,-,-
14-Nov-08,-,-,-,1426.2,-,-
17-Nov-08,-,-,-,1418.34,-,-
18-Nov-08,-,-,-,1387.59,-,-
19-Nov-08,-,-,-,1368.72,-,-
20-Nov-08,-,-,-,1325.61,-,-
21-Nov-08,-,-,-,1388.82,-,-
24-Nov-08,-,-,-,1410.37,-,-
25-Nov-08,-,-,-,1383.51,-,-
26-Nov-08,-,-,-,1426.66,-,-
28-Nov-08,-,-,-,1422.58,-,-
01-Dec-08,-,-,-,1407.52,-,-
01-Jan-09,-,-,-,1543.97,-,-
02-Jan-09,-,-,-,1556.6,-,-
05-Jan-09,-,-,-,1622.19,-,-
06-Jan-09,-,-,-,1621.68,-,-
07-Jan-09,-,-,-,1507.97,-,-
09-Jan-09,-,-,-,1476.46,-,-
12-Jan-09,-,-,-,1437.14,-,-
13-Jan-09,-,-,-,1412.17,-,-
14-Jan-09,-,-,-,1467.78,-,-
15-Jan-09,-,-,-,1424.19,-,-
16-Jan-09,-,-,-,1483.4,-,-
19-Jan-09,-,-,-,1507.26,-,-
20-Jan-09,-,-,-,1480.19,-,-
21-Jan-09,-,-,-,1438.59,-,-
22-Jan-09,-,-,-,1440.1,-,-
23-Jan-09,-,-,-,1430,-,-
27-Jan-09,-,-,-,1448.16,-,-
28-Jan-09,-,-,-,1496.91,-,-
29-Jan-09,-,-,-,1479.25,-,-
30-Jan-09,-,-,-,1519.19,-,-
02-Feb-09,-,-,-,1485.61,-,-
03-Feb-09,-,-,-,1501.18,-,-
04-Feb-09,-,-,-,1513.61,-,-
05-Feb-09,-,-,-,1503.74,-,-
06-Feb-09,-,-,-,1545.53,-,-
09-Feb-09,-,-,-,1595.14,-,-
10-Feb-09,-,-,-,1599.24,-,-
11-Feb-09,-,-,-,1590.59,-,-
12-Feb-09,-,-,-,1567.4,-,-
13-Feb-09,-,-,-,1590.86,-,-
16-Feb-09,-,-,-,1536.53,-,-
17-Feb-09,-,-,-,1501.77,-,-
18-Feb-09,-,-,-,1514.68,-,-
19-Feb-09,-,-,-,1519.59,-,-
20-Feb-09,-,-,-,1496.56,-,-
24-Feb-09,-,-,-,1496.04,-,-
25-Feb-09,-,-,-,1512.81,-,-
26-Feb-09,-,-,-,1527.8,-,-
27-Feb-09,-,-,-,1506.6,-,-
02-Mar-09,-,-,-,1464.11,-,-
03-Mar-09,-,-,-,1438.73,-,-
04-Mar-09,-,-,-,1459.32,-,-
05-Mar-09,-,-,-,1420.64,-,-
06-Mar-09,-,-,-,1442.18,-,-
09-Mar-09,-,-,-,1418.85,-,-
12-Mar-09,-,-,-,1451.2,-,-
13-Mar-09,-,-,-,1496.52,-,-
16-Mar-09,-,-,-,1545.82,-,-
17-Mar-09,-,-,-,1525.98,-,-
18-Mar-09,-,-,-,1542.39,-,-
19-Mar-09,-,-,-,1551.96,-,-
20-Mar-09,-,-,-,1563.19,-,-
23-Mar-09,-,-,-,1641.88,-,-
24-Mar-09,-,-,-,1630.73,-,-
25-Mar-09,-,-,-,1662.6,-,-
26-Mar-09,-,-,-,1707.77,-,-
27-Mar-09,-,-,-,1720.07,-,-
30-Mar-09,-,-,-,1666.97,-,-
31-Mar-09,-,-,-,1684.79,-,-
01-Apr-09,-,-,-,1720.13,-,-
02-Apr-09,-,-,-,1822.98,-,-
06-Apr-09,-,-,-,1883.66,-,-
08-Apr-09,-,-,-,1941.26,-,-
09-Apr-09,-,-,-,1929.01,-,-
13-Apr-09,-,-,-,1947.61,-,-
15-Apr-09,-,-,-,1996.09,-,-
16-Apr-09,-,-,-,1908.93,-,-
17-Apr-09,-,-,-,1920.12,-,-
20-Apr-09,-,-,-,1927.77,-,-
21-Apr-09,-,-,-,1923.34,-,-
22-Apr-09,-,-,-,1899.96,-,-
23-Apr-09,-,-,-,1929.55,-,-
24-Apr-09,-,-,-,1960.82,-,-
27-Apr-09,-,-,-,1926.73,-,-
28-Apr-09,-,-,-,1887.2,-,-
29-Apr-09,-,-,-,1941.11,-,-
04-May-09,-,-,-,2006.44,-,-
05-May-09,-,-,-,2005.29,-,-
06-May-09,-,-,-,1989.2,-,-
07-May-09,-,-,-,2016.24,-,-
08-May-09,-,-,-,2003.85,-,-
11-May-09,-,-,-,1982.48,-,-
12-May-09,-,-,-,2024.26,-,-
13-May-09,-,-,-,1990.51,-,-
14-May-09,-,-,-,1958.06,-,-
15-May-09,-,-,-,1965.21,-,-
18-May-09,-,-,-,2298.5,-,-
19-May-09,-,-,-,2261.1,-,-
20-May-09,-,-,-,2274.93,-,-
21-May-09,-,-,-,2350.3,-,-
22-May-09,-,-,-,2347.8,-,-
25-May-09,-,-,-,2390.95,-,-
26-May-09,-,-,-,2323.15,-,-
27-May-09,-,-,-,2438.12,-,-
28-May-09,-,-,-,2446.68,-,-
29-May-09,-,-,-,2529.63,-,-
01-Jun-09,-,-,-,2574.44,-,-
02-Jun-09,-,-,-,2552.89,-,-
03-Jun-09,-,-,-,2551.49,-,-
04-Jun-09,-,-,-,2563.14,-,-
05-Jun-09,-,-,-,2591.51,-,-
08-Jun-09,-,-,-,2493.5,-,-
09-Jun-09,-,-,-,2530.65,-,-
10-Jun-09,-,-,-,2572.09,-,-
11-Jun-09,-,-,-,2518.26,-,-
12-Jun-09,-,-,-,2511.91,-,-
15-Jun-09,-,-,-,2465.37,-,-
16-Jun-09,-,-,-,2489.02,-,-
17-Jun-09,-,-,-,2375.97,-,-
18-Jun-09,-,-,-,2297.22,-,-
19-Jun-09,-,-,-,2325.77,-,-
22-Jun-09,-,-,-,2285.99,-,-
23-Jun-09,-,-,-,2326.1,-,-
24-Jun-09,-,-,-,2346.15,-,-
25-Jun-09,-,-,-,2285.29,-,-
26-Jun-09,-,-,-,2347.21,-,-
29-Jun-09,-,-,-,2384.33,-,-
30-Jun-09,-,-,-,2334.74,-,-
01-Jul-09,-,-,-,2354,-,-
02-Jul-09,-,-,-,2398.39,-,-
03-Jul-09,-,-,-,2422.64,-,-
06-Jul-09,-,-,-,2293.78,-,-
07-Jul-09,-,-,-,2276.47,-,-
08-Jul-09,-,-,-,2214.91,-,-
09-Jul-09,-,-,-,2225.21,-,-
10-Jul-09,-,-,-,2170.4,-,-
13-Jul-09,-,-,-,2154.19,-,-
14-Jul-09,-,-,-,2204.98,-,-
15-Jul-09,-,-,-,2283.27,-,-
16-Jul-09,-,-,-,2297.57,-,-
17-Jul-09,-,-,-,2330.02,-,-
20-Jul-09,-,-,-,2381.73,-,-
21-Jul-09,-,-,-,2359.01,-,-
22-Jul-09,-,-,-,2358.15,-,-
23-Jul-09,-,-,-,2396.99,-,-
24-Jul-09,-,-,-,2421.76,-,-
27-Jul-09,-,-,-,2369.86,-,-
28-Jul-09,-,-,-,2366.1,-,-
29-Jul-09,-,-,-,2368.79,-,-
30-Jul-09,-,-,-,2388.89,-,-
31-Jul-09,-,-,-,2439.46,-,-
03-Aug-09,-,-,-,2470.9,-,-
04-Aug-09,-,-,-,2461.22,-,-
05-Aug-09,-,-,-,2512.29,-,-
06-Aug-09,-,-,-,2465.17,-,-
07-Aug-09,-,-,-,2433.01,-,-
10-Aug-09,-,-,-,2420.52,-,-
11-Aug-09,-,-,-,2434.24,-,-
12-Aug-09,-,-,-,2410.71,-,-
13-Aug-09,-,-,-,2469.8,-,-
14-Aug-09,-,-,-,2533.79,-,-
17-Aug-09,-,-,-,2426.69,-,-
18-Aug-09,-,-,-,2464.31,-,-
19-Aug-09,-,-,-,2409.78,-,-
20-Aug-09,-,-,-,2437.49,-,-
21-Aug-09,-,-,-,2473.58,-,-
24-Aug-09,-,-,-,2501.04,-,-
25-Aug-09,-,-,-,2504.71,-,-
26-Aug-09,-,-,-,2516.74,-,-
27-Aug-09,-,-,-,2517.01,-,-
28-Aug-09,-,-,-,2541.64,-,-
31-Aug-09,-,-,-,2532.34,-,-
01-Sep-09,-,-,-,2511.15,-,-
02-Sep-09,-,-,-,2530.82,-,-
03-Sep-09,-,-,-,2524.27,-,-
04-Sep-09,-,-,-,2569.19,-,-
07-Sep-09,-,-,-,2627.9,-,-
08-Sep-09,-,-,-,2634.98,-,-
09-Sep-09,-,-,-,2647.18,-,-
10-Sep-09,-,-,-,2638.04,-,-
11-Sep-09,-,-,-,2611.05,-,-
14-Sep-09,-,-,-,2616.7,-,-
15-Sep-09,-,-,-,2634.46,-,-
16-Sep-09,-,-,-,2641.11,-,-
17-Sep-09,-,-,-,2610.14,-,-
18-Sep-09,-,-,-,2621.57,-,-
22-Sep-09,-,-,-,2618.14,-,-
23-Sep-09,-,-,-,2618.4,-,-
24-Sep-09,-,-,-,2614.08,-,-
25-Sep-09,-,-,-,2640.09,-,-
29-Sep-09,-,-,-,2685.69,-,-
30-Sep-09,-,-,-,2683.7,-,-
01-Oct-09,-,-,-,2668.15,-,-
05-Oct-09,-,-,-,2638.09,-,-
06-Oct-09,-,-,-,2640.43,-,-
07-Oct-09,-,-,-,2625.75,-,-
08-Oct-09,-,-,-,2664.97,-,-
09-Oct-09,-,-,-,2659.97,-,-
12-Oct-09,-,-,-,2701.99,-,-
14-Oct-09,-,-,-,2724.7,-,-
15-Oct-09,-,-,-,2719.99,-,-
16-Oct-09,-,-,-,2737.49,-,-
17-Oct-09,-,-,-,2742.39,-,-
20-Oct-09,-,-,-,2698.94,-,-
21-Oct-09,-,-,-,2671.04,-,-
22-Oct-09,-,-,-,2641.86,-,-
23-Oct-09,-,-,-,2608.39,-,-
26-Oct-09,-,-,-,2567.1,-,-
27-Oct-09,-,-,-,2520.31,-,-
28-Oct-09,-,-,-,2505.96,-,-
29-Oct-09,-,-,-,2494.54,-,-
30-Oct-09,-,-,-,2447.51,-,-
03-Nov-09,-,-,-,2371.5,-,-
04-Nov-09,-,-,-,2434.83,-,-
05-Nov-09,-,-,-,2485.24,-,-
06-Nov-09,-,-,-,2505.9,-,-
09-Nov-09,-,-,-,2544.32,-,-
10-Nov-09,-,-,-,2535.72,-,-
11-Nov-09,-,-,-,2574.52,-,-
12-Nov-09,-,-,-,2549.75,-,-
13-Nov-09,-,-,-,2580.43,-,-
16-Nov-09,-,-,-,2610.9,-,-
17-Nov-09,-,-,-,2595.69,-,-
18-Nov-09,-,-,-,2587.75,-,-
19-Nov-09,-,-,-,2556.23,-,-
20-Nov-09,-,-,-,2582.51,-,-
23-Nov-09,-,-,-,2632.93,-,-
24-Nov-09,-,-,-,2615.91,-,-
25-Nov-09,-,-,-,2644.89,-,-
26-Nov-09,-,-,-,2594.17,-,-
27-Nov-09,-,-,-,2570.37,-,-
30-Nov-09,-,-,-,2620.83,-,-
01-Dec-09,-,-,-,2665.81,-,-
04-Jan-10,-,-,-,2682.81,-,-
05-Jan-10,-,-,-,2713.72,-,-
06-Jan-10,-,-,-,2733.87,-,-
07-Jan-10,-,-,-,2760.2,-,-
08-Jan-10,-,-,-,2757.15,-,-
11-Jan-10,-,-,-,2744.72,-,-
12-Jan-10,-,-,-,2714.12,-,-
13-Jan-10,-,-,-,2726.18,-,-
14-Jan-10,-,-,-,2777.57,-,-
15-Jan-10,-,-,-,2753.75,-,-
18-Jan-10,-,-,-,2756.57,-,-
19-Jan-10,-,-,-,2712.68,-,-
20-Jan-10,-,-,-,2670.1,-,-
21-Jan-10,-,-,-,2614.16,-,-
22-Jan-10,-,-,-,2575.93,-,-
25-Jan-10,-,-,-,2567.93,-,-
27-Jan-10,-,-,-,2518.25,-,-
28-Jan-10,-,-,-,2514.91,-,-
29-Jan-10,-,-,-,2521.91,-,-
01-Feb-10,-,-,-,2557.29,-,-
02-Feb-10,-,-,-,2529.26,-,-
03-Feb-10,-,-,-,2574.65,-,-
04-Feb-10,-,-,-,2561.68,-,-
05-Feb-10,-,-,-,2479.85,-,-
06-Feb-10,-,-,-,2513.03,-,-
08-Feb-10,-,-,-,2514.68,-,-
09-Feb-10,-,-,-,2507.79,-,-
10-Feb-10,-,-,-,2496.18,-,-
11-Feb-10,-,-,-,2531.35,-,-
15-Feb-10,-,-,-,2503.83,-,-
16-Feb-10,-,-,-,2533.32,-,-
17-Feb-10,-,-,-,2548.59,-,-
18-Feb-10,-,-,-,2525.76,-,-
19-Feb-10,-,-,-,2516.16,-,-
22-Feb-10,-,-,-,2513.3,-,-
23-Feb-10,-,-,-,2497.21,-,-
24-Feb-10,-,-,-,2495.21,-,-
25-Feb-10,-,-,-,2472.66,-,-
26-Feb-10,-,-,-,2497.43,-,-
02-Mar-10,-,-,-,2493.2,-,-
03-Mar-10,-,-,-,2522.54,-,-
04-Mar-10,-,-,-,2506.25,-,-
05-Mar-10,-,-,-,2521.49,-,-
08-Mar-10,-,-,-,2534.29,-,-
09-Mar-10,-,-,-,2509.76,-,-
10-Mar-10,-,-,-,2513.54,-,-
11-Mar-10,-,-,-,2514.75,-,-
12-Mar-10,-,-,-,2523.6,-,-
15-Mar-10,-,-,-,2500.61,-,-
16-Mar-10,-,-,-,2551.72,-,-
17-Mar-10,-,-,-,2551.22,-,-
18-Mar-10,-,-,-,2539.97,-,-
19-Mar-10,-,-,-,2550.53,-,-
22-Mar-10,-,-,-,2524.98,-,-
23-Mar-10,-,-,-,2550.69,-,-
25-Mar-10,-,-,-,2536.44,-,-
26-Mar-10,-,-,-,2560.53,-,-
29-Mar-10,-,-,-,2572.94,-,-
30-Mar-10,-,-,-,2570.77,-,-
31-Mar-10,-,-,-,2568.2,-,-
01-Apr-10,-,-,-,2582.02,-,-
05-Apr-10,-,-,-,2617.08,-,-
06-Apr-10,-,-,-,2609.87,-,-
07-Apr-10,-,-,-,2622.23,-,-
08-Apr-10,-,-,-,2588.98,-,-
09-Apr-10,-,-,-,2605.08,-,-
12-Apr-10,-,-,-,2590.99,-,-
13-Apr-10,-,-,-,2570.39,-,-
15-Apr-10,-,-,-,2546.02,-,-
16-Apr-10,-,-,-,2534.09,-,-
19-Apr-10,-,-,-,2489.03,-,-
20-Apr-10,-,-,-,2501.58,-,-
21-Apr-10,-,-,-,2503.75,-,-
22-Apr-10,-,-,-,2515.19,-,-
23-Apr-10,-,-,-,2523.5,-,-
26-Apr-10,-,-,-,2514.91,-,-
27-Apr-10,-,-,-,2533.87,-,-
28-Apr-10,-,-,-,2493.37,-,-
29-Apr-10,-,-,-,2505.74,-,-
30-Apr-10,-,-,-,2545.6,-,-
03-May-10,-,-,-,2549.23,-,-
04-May-10,-,-,-,2526.51,-,-
05-May-10,-,-,-,2510.51,-,-
06-May-10,-,-,-,2514.71,-,-
07-May-10,-,-,-,2509.03,-,-
10-May-10,-,-,-,2554.55,-,-
11-May-10,-,-,-,2529.98,-,-
12-May-10,-,-,-,2543.76,-,-
13-May-10,-,-,-,2549.36,-,-
14-May-10,-,-,-,2521.7,-,-
17-May-10,-,-,-,2498.75,-,-
18-May-10,-,-,-,2520.14,-,-
19-May-10,-,-,-,2468.14,-,-
20-May-10,-,-,-,2553.38,-,-
21-May-10,-,-,-,2541.56,-,-
24-May-10,-,-,-,2553.89,-,-
25-May-10,-,-,-,2508.93,-,-
26-May-10,-,-,-,2529.34,-,-
27-May-10,-,-,-,2597.68,-,-
28-May-10,-,-,-,2616.78,-,-
31-May-10,-,-,-,2669.73,-,-
01-Jun-10,-,-,-,2623.41,-,-
02-Jun-10,-,-,-,2652.49,-,-
03-Jun-10,-,-,-,2694.51,-,-
04-Jun-10,-,-,-,2691.84,-,-
07-Jun-10,-,-,-,2638.48,-,-
08-Jun-10,-,-,-,2604.81,-,-
09-Jun-10,-,-,-,2645.85,-,-
10-Jun-10,-,-,-,2656.4,-,-
11-Jun-10,-,-,-,2667.5,-,-
14-Jun-10,-,-,-,2724.08,-,-
15-Jun-10,-,-,-,2681.13,-,-
16-Jun-10,-,-,-,2680.55,-,-
17-Jun-10,-,-,-,2709.64,-,-
18-Jun-10,-,-,-,2688.85,-,-
21-Jun-10,-,-,-,2711.67,-,-
22-Jun-10,-,-,-,2720.75,-,-
23-Jun-10,-,-,-,2730.49,-,-
24-Jun-10,-,-,-,2713.52,-,-
25-Jun-10,-,-,-,2833.56,-,-
28-Jun-10,-,-,-,2903.88,-,-
29-Jun-10,-,-,-,2884.6,-,-
30-Jun-10,-,-,-,2928.19,-,-
01-Jul-10,-,-,-,2896.46,-,-
02-Jul-10,-,-,-,2890.45,-,-
05-Jul-10,-,-,-,2859.09,-,-
06-Jul-10,-,-,-,2871.43,-,-
07-Jul-10,-,-,-,2822.47,-,-
08-Jul-10,-,-,-,2865.42,-,-
09-Jul-10,-,-,-,2879.34,-,-
12-Jul-10,-,-,-,2859.97,-,-
13-Jul-10,-,-,-,2883.75,-,-
14-Jul-10,-,-,-,2860.64,-,-
15-Jul-10,-,-,-,2818.85,-,-
16-Jul-10,-,-,-,2824.66,-,-
19-Jul-10,-,-,-,2820.57,-,-
20-Jul-10,-,-,-,2806.37,-,-
21-Jul-10,-,-,-,2829.46,-,-
22-Jul-10,-,-,-,2849.52,-,-
23-Jul-10,-,-,-,2835.01,-,-
26-Jul-10,-,-,-,2814.34,-,-
27-Jul-10,-,-,-,2815.21,-,-
28-Jul-10,-,-,-,2789.82,-,-
29-Jul-10,-,-,-,2781.2,-,-
30-Jul-10,-,-,-,2776.56,-,-
02-Aug-10,-,-,-,2808.21,-,-
03-Aug-10,-,-,-,2819.13,-,-
04-Aug-10,-,-,-,2806.37,-,-
05-Aug-10,-,-,-,2783.78,-,-
06-Aug-10,-,-,-,2781.03,-,-
09-Aug-10,-,-,-,2773.63,-,-
10-Aug-10,-,-,-,2774.57,-,-
11-Aug-10,-,-,-,2778.53,-,-
12-Aug-10,-,-,-,2805.82,-,-
13-Aug-10,-,-,-,2828.17,-,-
16-Aug-10,-,-,-,2797.25,-,-
17-Aug-10,-,-,-,2804.73,-,-
18-Aug-10,-,-,-,2829.17,-,-
19-Aug-10,-,-,-,2837.09,-,-
20-Aug-10,-,-,-,2849.69,-,-
23-Aug-10,-,-,-,2883.69,-,-
24-Aug-10,-,-,-,2869.18,-,-
25-Aug-10,-,-,-,2844.42,-,-
26-Aug-10,-,-,-,2842.11,-,-
27-Aug-10,-,-,-,2864.25,-,-
30-Aug-10,-,-,-,2877.73,-,-
31-Aug-10,-,-,-,2845.16,-,-
01-Sep-10,-,-,-,2888.27,-,-
02-Sep-10,-,-,-,2868.98,-,-
03-Sep-10,-,-,-,2870.6,-,-
06-Sep-10,-,-,-,2908.49,-,-
07-Sep-10,-,-,-,2915.07,-,-
08-Sep-10,-,-,-,2908.89,-,-
09-Sep-10,-,-,-,2896.41,-,-
13-Sep-10,-,-,-,2955.5,-,-
14-Sep-10,-,-,-,2973.93,-,-
15-Sep-10,-,-,-,3016.26,-,-
16-Sep-10,-,-,-,2982.63,-,-
17-Sep-10,-,-,-,3016.88,-,-
20-Sep-10,-,-,-,3046.07,-,-
21-Sep-10,-,-,-,3032.5,-,-
22-Sep-10,-,-,-,3004.1,-,-
23-Sep-10,-,-,-,2995.09,-,-
24-Sep-10,-,-,-,3012.09,-,-
27-Sep-10,-,-,-,3042.32,-,-
28-Sep-10,-,-,-,3031.3,-,-
29-Sep-10,-,-,-,2987.63,-,-
30-Sep-10,-,-,-,2955.25,-,-
01-Oct-10,-,-,-,2993.35,-,-
04-Oct-10,-,-,-,2997.97,-,-
05-Oct-10,-,-,-,3015.37,-,-
06-Oct-10,-,-,-,3034.19,-,-
07-Oct-10,-,-,-,3018.82,-,-
08-Oct-10,-,-,-,3014.62,-,-
11-Oct-10,-,-,-,3038.07,-,-
12-Oct-10,-,-,-,3024.96,-,-
13-Oct-10,-,-,-,3069.49,-,-
14-Oct-10,-,-,-,3014.88,-,-
15-Oct-10,-,-,-,2970,-,-
18-Oct-10,-,-,-,2997.98,-,-
19-Oct-10,-,-,-,2994.35,-,-
20-Oct-10,-,-,-,2999.5,-,-
21-Oct-10,-,-,-,3047.62,-,-
22-Oct-10,-,-,-,3046.25,-,-
25-Oct-10,-,-,-,3056.83,-,-
26-Oct-10,-,-,-,3027.94,-,-
27-Oct-10,-,-,-,2992.91,-,-
28-Oct-10,-,-,-,2983.26,-,-
29-Oct-10,-,-,-,3001.19,-,-
01-Nov-10,-,-,-,3024.23,-,-
02-Nov-10,-,-,-,3020.96,-,-
03-Nov-10,-,-,-,3010.01,-,-
04-Nov-10,-,-,-,3068.27,-,-
05-Nov-10,-,-,-,3080.51,-,-
08-Nov-10,-,-,-,3057.03,-,-
09-Nov-10,-,-,-,3055.31,-,-
10-Nov-10,-,-,-,3061.29,-,-
11-Nov-10,-,-,-,3000.9,-,-
12-Nov-10,-,-,-,2958.71,-,-
15-Nov-10,-,-,-,2966.94,-,-
16-Nov-10,-,-,-,2915.62,-,-
18-Nov-10,-,-,-,2911.11,-,-
19-Nov-10,-,-,-,2844,-,-
22-Nov-10,-,-,-,2887.6,-,-
23-Nov-10,-,-,-,2841.91,-,-
24-Nov-10,-,-,-,2818.68,-,-
25-Nov-10,-,-,-,2761.11,-,-
26-Nov-10,-,-,-,2738.47,-,-
29-Nov-10,-,-,-,2794.2,-,-
30-Nov-10,-,-,-,2784.27,-,-
01-Dec-10,-,-,-,2848.16,-,-
03-Jan-11,-,-,-,2923.86,-,-
04-Jan-11,-,-,-,2942.5,-,-
05-Jan-11,-,-,-,2926.16,-,-
06-Jan-11,-,-,-,2902.34,-,-
07-Jan-11,-,-,-,2865.12,-,-
10-Jan-11,-,-,-,2784.16,-,-
11-Jan-11,-,-,-,2763.62,-,-
12-Jan-11,-,-,-,2797.46,-,-
13-Jan-11,-,-,-,2770.57,-,-
14-Jan-11,-,-,-,2730.85,-,-
17-Jan-11,-,-,-,2725.46,-,-
18-Jan-11,-,-,-,2727.07,-,-
19-Jan-11,-,-,-,2699.78,-,-
20-Jan-11,-,-,-,2661.82,-,-
21-Jan-11,-,-,-,2670.65,-,-
24-Jan-11,-,-,-,2686.88,-,-
25-Jan-11,-,-,-,2689.87,-,-
27-Jan-11,-,-,-,2646.66,-,-
28-Jan-11,-,-,-,2616.24,-,-
31-Jan-11,-,-,-,2651,-,-
01-Feb-11,-,-,-,2602.38,-,-
02-Feb-11,-,-,-,2630.96,-,-
03-Feb-11,-,-,-,2661.71,-,-
04-Feb-11,-,-,-,2619.85,-,-
07-Feb-11,-,-,-,2631.71,-,-
08-Feb-11,-,-,-,2575.15,-,-
09-Feb-11,-,-,-,2534.45,-,-
10-Feb-11,-,-,-,2523.31,-,-
11-Feb-11,-,-,-,2548.25,-,-
14-Feb-11,-,-,-,2587.08,-,-
15-Feb-11,-,-,-,2612.07,-,-
16-Feb-11,-,-,-,2608.19,-,-
17-Feb-11,-,-,-,2611.56,-,-
18-Feb-11,-,-,-,2548.58,-,-
21-Feb-11,-,-,-,2584.1,-,-
22-Feb-11,-,-,-,2585.87,-,-
23-Feb-11,-,-,-,2587.52,-,-
24-Feb-11,-,-,-,2524.56,-,-
25-Feb-11,-,-,-,2517.67,-,-
28-Feb-11,-,-,-,2542.78,-,-
01-Mar-11,-,-,-,2611.66,-,-
03-Mar-11,-,-,-,2601.47,-,-
04-Mar-11,-,-,-,2610.18,-,-
07-Mar-11,-,-,-,2579.97,-,-
08-Mar-11,-,-,-,2604.34,-,-
09-Mar-11,-,-,-,2601.71,-,-
10-Mar-11,-,-,-,2600.8,-,-
11-Mar-11,-,-,-,2620.26,-,-
14-Mar-11,-,-,-,2672.18,-,-
15-Mar-11,-,-,-,2656.03,-,-
16-Mar-11,-,-,-,2673.61,-,-
17-Mar-11,-,-,-,2658.27,-,-
18-Mar-11,-,-,-,2611.27,-,-
21-Mar-11,-,-,-,2617.52,-,-
22-Mar-11,-,-,-,2633.72,-,-
23-Mar-11,-,-,-,2664.49,-,-
24-Mar-11,-,-,-,2662.08,-,-
25-Mar-11,-,-,-,2690.67,-,-
28-Mar-11,-,-,-,2694.46,-,-
29-Mar-11,-,-,-,2709.84,-,-
30-Mar-11,-,-,-,2727.27,-,-
31-Mar-11,-,-,-,2761.71,-,-
01-Apr-11,-,-,-,2762.58,-,-
04-Apr-11,-,-,-,2791.58,-,-
05-Apr-11,-,-,-,2785.3,-,-
06-Apr-11,-,-,-,2787.02,-,-
07-Apr-11,-,-,-,2781.77,-,-
08-Apr-11,-,-,-,2751.76,-,-
11-Apr-11,-,-,-,2710.71,-,-
13-Apr-11,-,-,-,2758.96,-,-
15-Apr-11,-,-,-,2743.6,-,-
18-Apr-11,-,-,-,2719.62,-,-
19-Apr-11,-,-,-,2748.03,-,-
20-Apr-11,-,-,-,2788.01,-,-
21-Apr-11,-,-,-,2815.79,-,-
25-Apr-11,-,-,-,2796.53,-,-
26-Apr-11,-,-,-,2794.76,-,-
27-Apr-11,-,-,-,2797.43,-,-
28-Apr-11,-,-,-,2789.79,-,-
29-Apr-11,-,-,-,2779.8,-,-
02-May-11,-,-,-,2755.91,-,-
03-May-11,-,-,-,2702.79,-,-
04-May-11,-,-,-,2747.04,-,-
05-May-11,-,-,-,2739.41,-,-
06-May-11,-,-,-,2742,-,-
09-May-11,-,-,-,2744.09,-,-
10-May-11,-,-,-,2741.67,-,-
11-May-11,-,-,-,2744.38,-,-
12-May-11,-,-,-,2730.28,-,-
13-May-11,-,-,-,2747.41,-,-
16-May-11,-,-,-,2715.42,-,-
17-May-11,-,-,-,2629.36,-,-
18-May-11,-,-,-,2583.71,-,-
19-May-11,-,-,-,2603.62,-,-
20-May-11,-,-,-,2605.55,-,-
23-May-11,-,-,-,2576.63,-,-
24-May-11,-,-,-,2571.63,-,-
25-May-11,-,-,-,2543.28,-,-
26-May-11,-,-,-,2609.59,-,-
27-May-11,-,-,-,2651.19,-,-
30-May-11,-,-,-,2637.96,-,-
31-May-11,-,-,-,2671.2,-,-
01-Jun-11,-,-,-,2677.2,-,-
02-Jun-11,-,-,-,2669.49,-,-
03-Jun-11,-,-,-,2641.71,-,-
06-Jun-11,-,-,-,2625.07,-,-
07-Jun-11,-,-,-,2650.76,-,-
08-Jun-11,-,-,-,2641.89,-,-
09-Jun-11,-,-,-,2627.85,-,-
10-Jun-11,-,-,-,2616.92,-,-
13-Jun-11,-,-,-,2616.77,-,-
14-Jun-11,-,-,-,2612.13,-,-
15-Jun-11,-,-,-,2598.51,-,-
16-Jun-11,-,-,-,2583.9,-,-
17-Jun-11,-,-,-,2558.67,-,-
20-Jun-11,-,-,-,2477.44,-,-
21-Jun-11,-,-,-,2485.72,-,-
22-Jun-11,-,-,-,2492.28,-,-
23-Jun-11,-,-,-,2522.8,-,-
24-Jun-11,-,-,-,2569.73,-,-
27-Jun-11,-,-,-,2622.29,-,-
28-Jun-11,-,-,-,2606.78,-,-
29-Jun-11,-,-,-,2595.91,-,-
30-Jun-11,-,-,-,2601.69,-,-
01-Jul-11,-,-,-,2589.53,-,-
04-Jul-11,-,-,-,2610.84,-,-
05-Jul-11,-,-,-,2586.46,-,-
06-Jul-11,-,-,-,2582.77,-,-
07-Jul-11,-,-,-,2621.48,-,-
08-Jul-11,-,-,-,2605.59,-,-
11-Jul-11,-,-,-,2609.26,-,-
12-Jul-11,-,-,-,2597.78,-,-
13-Jul-11,-,-,-,2638.96,-,-
14-Jul-11,-,-,-,2624.28,-,-
15-Jul-11,-,-,-,2615.85,-,-
18-Jul-11,-,-,-,2613.17,-,-
19-Jul-11,-,-,-,2627.66,-,-
20-Jul-11,-,-,-,2615.01,-,-
21-Jul-11,-,-,-,2611.78,-,-
22-Jul-11,-,-,-,2650.44,-,-
25-Jul-11,-,-,-,2659.51,-,-
26-Jul-11,-,-,-,2624.03,-,-
27-Jul-11,-,-,-,2611.46,-,-
28-Jul-11,-,-,-,2584.43,-,-
29-Jul-11,-,-,-,2555.54,-,-
01-Aug-11,-,-,-,2567.7,-,-
02-Aug-11,-,-,-,2579.02,-,-
03-Aug-11,-,-,-,2577.2,-,-
04-Aug-11,-,-,-,2564.89,-,-
05-Aug-11,-,-,-,2543.16,-,-
08-Aug-11,-,-,-,2530.82,-,-
09-Aug-11,-,-,-,2507.05,-,-
10-Aug-11,-,-,-,2495.41,-,-
11-Aug-11,-,-,-,2490.2,-,-
12-Aug-11,-,-,-,2486.31,-,-
16-Aug-11,-,-,-,2454.22,-,-
17-Aug-11,-,-,-,2456.88,-,-
18-Aug-11,-,-,-,2430.88,-,-
19-Aug-11,-,-,-,2417.76,-,-
22-Aug-11,-,-,-,2458.21,-,-
23-Aug-11,-,-,-,2452.88,-,-
24-Aug-11,-,-,-,2446.2,-,-
25-Aug-11,-,-,-,2433.49,-,-
26-Aug-11,-,-,-,2372.81,-,-
29-Aug-11,-,-,-,2423.3,-,-
30-Aug-11,-,-,-,2431.59,-,-
02-Sep-11,-,-,-,2474.02,-,-
05-Sep-11,-,-,-,2437.49,-,-
06-Sep-11,-,-,-,2483.54,-,-
07-Sep-11,-,-,-,2502.03,-,-
08-Sep-11,-,-,-,2522.01,-,-
09-Sep-11,-,-,-,2479.83,-,-
12-Sep-11,-,-,-,2449.93,-,-
13-Sep-11,-,-,-,2456.31,-,-
14-Sep-11,-,-,-,2482.19,-,-
15-Sep-11,-,-,-,2512.01,-,-
16-Sep-11,-,-,-,2517.3,-,-
19-Sep-11,-,-,-,2504.12,-,-
20-Sep-11,-,-,-,2530.46,-,-
21-Sep-11,-,-,-,2510.14,-,-
22-Sep-11,-,-,-,2432.08,-,-
23-Sep-11,-,-,-,2407.77,-,-
26-Sep-11,-,-,-,2365.06,-,-
27-Sep-11,-,-,-,2425,-,-
28-Sep-11,-,-,-,2428.49,-,-
29-Sep-11,-,-,-,2454.31,-,-
30-Sep-11,-,-,-,2437.35,-,-
03-Oct-11,-,-,-,2437.71,-,-
04-Oct-11,-,-,-,2402.53,-,-
05-Oct-11,-,-,-,2388.2,-,-
07-Oct-11,-,-,-,2427.57,-,-
10-Oct-11,-,-,-,2483.46,-,-
11-Oct-11,-,-,-,2465.35,-,-
12-Oct-11,-,-,-,2498.65,-,-
13-Oct-11,-,-,-,2470.92,-,-
14-Oct-11,-,-,-,2492.78,-,-
17-Oct-11,-,-,-,2457.66,-,-
18-Oct-11,-,-,-,2433.94,-,-
19-Oct-11,-,-,-,2481.69,-,-
20-Oct-11,-,-,-,2462.2,-,-
21-Oct-11,-,-,-,2451.93,-,-
24-Oct-11,-,-,-,2489.35,-,-
25-Oct-11,-,-,-,2526.4,-,-
26-Oct-11,-,-,-,2529.85,-,-
28-Oct-11,-,-,-,2574.75,-,-
31-Oct-11,-,-,-,2525.31,-,-
01-Nov-11,-,-,-,2510.65,-,-
02-Nov-11,-,-,-,2525.89,-,-
03-Nov-11,-,-,-,2546.99,-,-
04-Nov-11,-,-,-,2541.67,-,-
08-Nov-11,-,-,-,2549.96,-,-
09-Nov-11,-,-,-,2487.24,-,-
11-Nov-11,-,-,-,2489.55,-,-
14-Nov-11,-,-,-,2470.72,-,-
15-Nov-11,-,-,-,2428.69,-,-
16-Nov-11,-,-,-,2396.89,-,-
17-Nov-11,-,-,-,2334.17,-,-
18-Nov-11,-,-,-,2341.37,-,-
21-Nov-11,-,-,-,2276.59,-,-
22-Nov-11,-,-,-,2298.43,-,-
23-Nov-11,-,-,-,2246.35,-,-
24-Nov-11,-,-,-,2275.13,-,-
25-Nov-11,-,-,-,2250.47,-,-
28-Nov-11,-,-,-,2318.89,-,-
29-Nov-11,-,-,-,2287.34,-,-
30-Nov-11,-,-,-,2319.44,-,-
01-Dec-11,-,-,-,2341.97,-,-
01-Jan-13,-,-,-,2413.78,-,-
02-Jan-13,-,-,-,2449.12,-,-
03-Jan-13,-,-,-,2477.83,-,-
04-Jan-13,-,-,-,2518.18,-,-
07-Jan-13,-,-,-,2535.11,-,-
08-Jan-13,-,-,-,2527.66,-,-
09-Jan-13,-,-,-,2544.19,-,-
10-Jan-13,-,-,-,2556.95,-,-
11-Jan-13,-,-,-,2513.32,-,-
14-Jan-13,-,-,-,2557.65,-,-
15-Jan-13,-,-,-,2576.41,-,-
16-Jan-13,-,-,-,2572.68,-,-
17-Jan-13,-,-,-,2644,-,-
18-Jan-13,-,-,-,2748.47,-,-
21-Jan-13,-,-,-,2770.07,-,-
22-Jan-13,-,-,-,2742.14,-,-
23-Jan-13,-,-,-,2715.86,-,-
24-Jan-13,-,-,-,2686.24,-,-
25-Jan-13,-,-,-,2704.19,-,-
28-Jan-13,-,-,-,2680.19,-,-
29-Jan-13,-,-,-,2647.64,-,-
30-Jan-13,-,-,-,2662.32,-,-
31-Jan-13,-,-,-,2666.45,-,-
01-Feb-13,-,-,-,2671.5,-,-
04-Feb-13,-,-,-,2642.25,-,-
05-Feb-13,-,-,-,2629.32,-,-
06-Feb-13,-,-,-,2626.06,-,-
07-Feb-13,-,-,-,2600.6,-,-
08-Feb-13,-,-,-,2567.8,-,-
11-Feb-13,-,-,-,2557.61,-,-
12-Feb-13,-,-,-,2596.35,-,-
13-Feb-13,-,-,-,2596.48,-,-
14-Feb-13,-,-,-,2569.88,-,-
15-Feb-13,-,-,-,2555.13,-,-
18-Feb-13,-,-,-,2550.08,-,-
19-Feb-13,-,-,-,2577.73,-,-
20-Feb-13,-,-,-,2608.63,-,-
21-Feb-13,-,-,-,2572.47,-,-
22-Feb-13,-,-,-,2579.24,-,-
25-Feb-13,-,-,-,2552.01,-,-
26-Feb-13,-,-,-,2482.1,-,-
27-Feb-13,-,-,-,2513.09,-,-
28-Feb-13,-,-,-,2471.26,-,-
01-Mar-13,-,-,-,2481.57,-,-
04-Mar-13,-,-,-,2470.74,-,-
05-Mar-13,-,-,-,2510.12,-,-
06-Mar-13,-,-,-,2526.67,-,-
07-Mar-13,-,-,-,2528.22,-,-
08-Mar-13,-,-,-,2578.3,-,-
11-Mar-13,-,-,-,2576.45,-,-
12-Mar-13,-,-,-,2568.17,-,-
13-Mar-13,-,-,-,2533.44,-,-
14-Mar-13,-,-,-,2553.9,-,-
15-Mar-13,-,-,-,2533.48,-,-
18-Mar-13,-,-,-,2510.57,-,-
19-Mar-13,-,-,-,2469.47,-,-
20-Mar-13,-,-,-,2433.1,-,-
21-Mar-13,-,-,-,2402.98,-,-
22-Mar-13,-,-,-,2385.34,-,-
25-Mar-13,-,-,-,2398.22,-,-
26-Mar-13,-,-,-,2366.76,-,-
28-Mar-13,-,-,-,2392.97,-,-
01-Apr-13,-,-,-,2408.47,-,-
02-Apr-13,-,-,-,2451.1,-,-
03-Apr-13,-,-,-,2413.01,-,-
04-Apr-13,-,-,-,2386.97,-,-
05-Apr-13,-,-,-,2428.3,-,-
08-Apr-13,-,-,-,2435.44,-,-
09-Apr-13,-,-,-,2399.79,-,-
10-Apr-13,-,-,-,2399.92,-,-
11-Apr-13,-,-,-,2396.54,-,-
12-Apr-13,-,-,-,2411.48,-,-
15-Apr-13,-,-,-,2468.31,-,-
16-Apr-13,-,-,-,2515.09,-,-
17-Apr-13,-,-,-,2478.35,-,-
18-Apr-13,-,-,-,2511.76,-,-
22-Apr-13,-,-,-,2513.56,-,-
23-Apr-13,-,-,-,2514.91,-,-
25-Apr-13,-,-,-,2543.07,-,-
26-Apr-13,-,-,-,2518.06,-,-
29-Apr-13,-,-,-,2535.81,-,-
30-Apr-13,-,-,-,2525.63,-,-
02-May-13,-,-,-,2542.37,-,-
03-May-13,-,-,-,2509.44,-,-
06-May-13,-,-,-,2526.79,-,-
07-May-13,-,-,-,2537.05,-,-
08-May-13,-,-,-,2539.29,-,-
09-May-13,-,-,-,2532.28,-,-
10-May-13,-,-,-,2546.76,-,-
11-May-13,-,-,-,2556.3,-,-
13-May-13,-,-,-,2505.56,-,-
14-May-13,-,-,-,2520.89,-,-
15-May-13,-,-,-,2567.69,-,-
16-May-13,-,-,-,2599.55,-,-
17-May-13,-,-,-,2596.59,-,-
20-May-13,-,-,-,2569.58,-,-
21-May-13,-,-,-,2548.84,-,-
22-May-13,-,-,-,2521.12,-,-
23-May-13,-,-,-,2463.55,-,-
24-May-13,-,-,-,2464.39,-,-
27-May-13,-,-,-,2508.59,-,-
28-May-13,-,-,-,2549.08,-,-
29-May-13,-,-,-,2548.56,-,-
30-May-13,-,-,-,2536,-,-
31-May-13,-,-,-,2479.97,-,-
03-Jun-13,-,-,-,2438.48,-,-
04-Jun-13,-,-,-,2440.02,-,-
05-Jun-13,-,-,-,2473,-,-
06-Jun-13,-,-,-,2454.68,-,-
07-Jun-13,-,-,-,2434.03,-,-
10-Jun-13,-,-,-,2428.89,-,-
11-Jun-13,-,-,-,2383.42,-,-
12-Jun-13,-,-,-,2391.69,-,-
13-Jun-13,-,-,-,2367.58,-,-
14-Jun-13,-,-,-,2416,-,-
17-Jun-13,-,-,-,2424.32,-,-
18-Jun-13,-,-,-,2406.3,-,-
19-Jun-13,-,-,-,2417.06,-,-
20-Jun-13,-,-,-,2348.35,-,-
21-Jun-13,-,-,-,2353.4,-,-
24-Jun-13,-,-,-,2303.88,-,-
25-Jun-13,-,-,-,2337.79,-,-
26-Jun-13,-,-,-,2339.5,-,-
27-Jun-13,-,-,-,2399.06,-,-
28-Jun-13,-,-,-,2483.5,-,-
01-Jul-13,-,-,-,2518.98,-,-
02-Jul-13,-,-,-,2494.58,-,-
03-Jul-13,-,-,-,2430.09,-,-
04-Jul-13,-,-,-,2450.59,-,-
05-Jul-13,-,-,-,2472.63,-,-
08-Jul-13,-,-,-,2415.88,-,-
09-Jul-13,-,-,-,2415.91,-,-
10-Jul-13,-,-,-,2372.45,-,-
11-Jul-13,-,-,-,2414.56,-,-
12-Jul-13,-,-,-,2422.81,-,-
15-Jul-13,-,-,-,2441.5,-,-
16-Jul-13,-,-,-,2457.9,-,-
17-Jul-13,-,-,-,2458.92,-,-
18-Jul-13,-,-,-,2495.88,-,-
19-Jul-13,-,-,-,2508.06,-,-
22-Jul-13,-,-,-,2468.26,-,-
23-Jul-13,-,-,-,2486.15,-,-
24-Jul-13,-,-,-,2468.4,-,-
25-Jul-13,-,-,-,2445.25,-,-
26-Jul-13,-,-,-,2431.91,-,-
29-Jul-13,-,-,-,2394.51,-,-
30-Jul-13,-,-,-,2286.66,-,-
31-Jul-13,-,-,-,2330.18,-,-
01-Aug-13,-,-,-,2268.53,-,-
02-Aug-13,-,-,-,2261.53,-,-
05-Aug-13,-,-,-,2251.92,-,-
06-Aug-13,-,-,-,2187.78,-,-
07-Aug-13,-,-,-,2240.83,-,-
08-Aug-13,-,-,-,2245.62,-,-
12-Aug-13,-,-,-,2261.2,-,-
13-Aug-13,-,-,-,2267.9,-,-
14-Aug-13,-,-,-,2341.63,-,-
16-Aug-13,-,-,-,2234.27,-,-
19-Aug-13,-,-,-,2201.98,-,-
20-Aug-13,-,-,-,2208.84,-,-
21-Aug-13,-,-,-,2144.2,-,-
22-Aug-13,-,-,-,2219.33,-,-
23-Aug-13,-,-,-,2252.56,-,-
26-Aug-13,-,-,-,2242.23,-,-
27-Aug-13,-,-,-,2182.99,-,-
28-Aug-13,-,-,-,2134.03,-,-
29-Aug-13,-,-,-,2178.07,-,-
30-Aug-13,-,-,-,2199.44,-,-
02-Sep-13,-,-,-,2242.14,-,-
03-Sep-13,-,-,-,2183.13,-,-
04-Sep-13,-,-,-,2222.43,-,-
05-Sep-13,-,-,-,2270.38,-,-
06-Sep-13,-,-,-,2326.41,-,-
10-Sep-13,-,-,-,2351,-,-
11-Sep-13,-,-,-,2352.21,-,-
12-Sep-13,-,-,-,2314.96,-,-
13-Sep-13,-,-,-,2336.38,-,-
16-Sep-13,-,-,-,2340.55,-,-
17-Sep-13,-,-,-,2329.45,-,-
18-Sep-13,-,-,-,2345.34,-,-
19-Sep-13,-,-,-,2420.67,-,-
20-Sep-13,-,-,-,2394.81,-,-
23-Sep-13,-,-,-,2346.28,-,-
24-Sep-13,-,-,-,2334.87,-,-
25-Sep-13,-,-,-,2316.16,-,-
26-Sep-13,-,-,-,2289.49,-,-
27-Sep-13,-,-,-,2299.16,-,-
30-Sep-13,-,-,-,2267.02,-,-
01-Oct-13,-,-,-,2252.31,-,-
03-Oct-13,-,-,-,2303.3,-,-
04-Oct-13,-,-,-,2310.72,-,-
07-Oct-13,-,-,-,2317.53,-,-
08-Oct-13,-,-,-,2314.88,-,-
09-Oct-13,-,-,-,2336.06,-,-
10-Oct-13,-,-,-,2336.95,-,-
11-Oct-13,-,-,-,2343.25,-,-
14-Oct-13,-,-,-,2342.8,-,-
15-Oct-13,-,-,-,2335.43,-,-
17-Oct-13,-,-,-,2359.64,-,-
18-Oct-13,-,-,-,2402.14,-,-
21-Oct-13,-,-,-,2412.27,-,-
22-Oct-13,-,-,-,2418.2,-,-
23-Oct-13,-,-,-,2402,-,-
24-Oct-13,-,-,-,2399.66,-,-
25-Oct-13,-,-,-,2377.88,-,-
28-Oct-13,-,-,-,2378.94,-,-
29-Oct-13,-,-,-,2404.6,-,-
30-Oct-13,-,-,-,2408.21,-,-
31-Oct-13,-,-,-,2442.84,-,-
01-Nov-13,-,-,-,2431.06,-,-
03-Nov-13,-,-,-,2447.96,-,-
05-Nov-13,-,-,-,2443.75,-,-
06-Nov-13,-,-,-,2428.68,-,-
07-Nov-13,-,-,-,2399.87,-,-
08-Nov-13,-,-,-,2373.33,-,-
11-Nov-13,-,-,-,2336.48,-,-
12-Nov-13,-,-,-,2316.62,-,-
13-Nov-13,-,-,-,2300.6,-,-
14-Nov-13,-,-,-,2313.41,-,-
18-Nov-13,-,-,-,2362.43,-,-
19-Nov-13,-,-,-,2370.52,-,-
20-Nov-13,-,-,-,2342.37,-,-
21-Nov-13,-,-,-,2304.01,-,-
22-Nov-13,-,-,-,2327.62,-,-
25-Nov-13,-,-,-,2381.44,-,-
26-Nov-13,-,-,-,2343.65,-,-
27-Nov-13,-,-,-,2355.3,-,-
28-Nov-13,-,-,-,2370.58,-,-
29-Nov-13,-,-,-,2409.74,-,-
01-Jan-14,-,-,-,2430.24,-,-
02-Jan-14,-,-,-,2384,-,-
03-Jan-14,-,-,-,2354.82,-,-
06-Jan-14,-,-,-,2361.37,-,-
07-Jan-14,-,-,-,2333.06,-,-
08-Jan-14,-,-,-,2336.88,-,-
09-Jan-14,-,-,-,2357.9,-,-
10-Jan-14,-,-,-,2367.67,-,-
13-Jan-14,-,-,-,2414.78,-,-
14-Jan-14,-,-,-,2411.68,-,-
15-Jan-14,-,-,-,2420.79,-,-
16-Jan-14,-,-,-,2411.49,-,-
17-Jan-14,-,-,-,2424.3,-,-
20-Jan-14,-,-,-,2411.04,-,-
21-Jan-14,-,-,-,2396.97,-,-
22-Jan-14,-,-,-,2415.15,-,-
23-Jan-14,-,-,-,2408.58,-,-
24-Jan-14,-,-,-,2395.56,-,-
27-Jan-14,-,-,-,2339.42,-,-
28-Jan-14,-,-,-,2338.92,-,-
29-Jan-14,-,-,-,2358.16,-,-
30-Jan-14,-,-,-,2335.83,-,-
31-Jan-14,-,-,-,2377.06,-,-
03-Feb-14,-,-,-,2355.53,-,-
04-Feb-14,-,-,-,2347.83,-,-
05-Feb-14,-,-,-,2350.18,-,-
06-Feb-14,-,-,-,2352.05,-,-
07-Feb-14,-,-,-,2356.57,-,-
10-Feb-14,-,-,-,2368.68,-,-
11-Feb-14,-,-,-,2369.49,-,-
12-Feb-14,-,-,-,2395.24,-,-
13-Feb-14,-,-,-,2345.4,-,-
14-Feb-14,-,-,-,2365.34,-,-
17-Feb-14,-,-,-,2360.14,-,-
18-Feb-14,-,-,-,2354.86,-,-
19-Feb-14,-,-,-,2365.64,-,-
20-Feb-14,-,-,-,2342.01,-,-
21-Feb-14,-,-,-,2367.1,-,-
24-Feb-14,-,-,-,2384.6,-,-
25-Feb-14,-,-,-,2384.9,-,-
26-Feb-14,-,-,-,2399.12,-,-
28-Feb-14,-,-,-,2414.34,-,-
03-Mar-14,-,-,-,2417.1,-,-
04-Mar-14,-,-,-,2451.51,-,-
05-Mar-14,-,-,-,2461.41,-,-
06-Mar-14,-,-,-,2518.42,-,-
07-Mar-14,-,-,-,2586.14,-,-
10-Mar-14,-,-,-,2602.66,-,-
11-Mar-14,-,-,-,2591.08,-,-
12-Mar-14,-,-,-,2569.42,-,-
13-Mar-14,-,-,-,2617.44,-,-
14-Mar-14,-,-,-,2616.64,-,-
18-Mar-14,-,-,-,2639.66,-,-
19-Mar-14,-,-,-,2616.79,-,-
20-Mar-14,-,-,-,2599.69,-,-
21-Mar-14,-,-,-,2556.17,-,-
22-Mar-14,-,-,-,2565.01,-,-
24-Mar-14,-,-,-,2629.47,-,-
25-Mar-14,-,-,-,2615.46,-,-
26-Mar-14,-,-,-,2641.39,-,-
27-Mar-14,-,-,-,2673.72,-,-
28-Mar-14,-,-,-,2691.65,-,-
31-Mar-14,-,-,-,2694.18,-,-
01-Apr-14,-,-,-,2712,-,-
02-Apr-14,-,-,-,2744.15,-,-
03-Apr-14,-,-,-,2716.21,-,-
04-Apr-14,-,-,-,2710.51,-,-
07-Apr-14,-,-,-,2704.88,-,-
09-Apr-14,-,-,-,2739.18,-,-
10-Apr-14,-,-,-,2758.73,-,-
11-Apr-14,-,-,-,2732.03,-,-
15-Apr-14,-,-,-,2721.83,-,-
16-Apr-14,-,-,-,2703.42,-,-
17-Apr-14,-,-,-,2750.41,-,-
21-Apr-14,-,-,-,2759.99,-,-
22-Apr-14,-,-,-,2795.76,-,-
23-Apr-14,-,-,-,2787.67,-,-
25-Apr-14,-,-,-,2728.71,-,-
28-Apr-14,-,-,-,2722.03,-,-
29-Apr-14,-,-,-,2718.71,-,-
30-Apr-14,-,-,-,2718.76,-,-
02-May-14,-,-,-,2731.02,-,-
05-May-14,-,-,-,2766.42,-,-
06-May-14,-,-,-,2784.47,-,-
07-May-14,-,-,-,2781.33,-,-
08-May-14,-,-,-,2773.63,-,-
09-May-14,-,-,-,2860.99,-,-
12-May-14,-,-,-,2945.1,-,-
13-May-14,-,-,-,3024.53,-,-
14-May-14,-,-,-,3012.77,-,-
15-May-14,-,-,-,3038.39,-,-
16-May-14,-,-,-,3123.38,-,-
19-May-14,-,-,-,3307.91,-,-
20-May-14,-,-,-,3221.13,-,-
21-May-14,-,-,-,3216.96,-,-
22-May-14,-,-,-,3239.13,-,-
23-May-14,-,-,-,3297.09,-,-
26-May-14,-,-,-,3254.4,-,-
27-May-14,-,-,-,3182.44,-,-
28-May-14,-,-,-,3145.77,-,-
29-May-14,-,-,-,3095.05,-,-
30-May-14,-,-,-,3098.7,-,-
02-Jun-14,-,-,-,3204.61,-,-
03-Jun-14,-,-,-,3258.32,-,-
04-Jun-14,-,-,-,3224.94,-,-
05-Jun-14,-,-,-,3312.06,-,-
06-Jun-14,-,-,-,3479.65,-,-
09-Jun-14,-,-,-,3453.95,-,-
10-Jun-14,-,-,-,3414.13,-,-
11-Jun-14,-,-,-,3358.74,-,-
12-Jun-14,-,-,-,3354.65,-,-
13-Jun-14,-,-,-,3272.72,-,-
16-Jun-14,-,-,-,3298.77,-,-
17-Jun-14,-,-,-,3394.83,-,-
18-Jun-14,-,-,-,3348.17,-,-
19-Jun-14,-,-,-,3241.42,-,-
20-Jun-14,-,-,-,3222.32,-,-
23-Jun-14,-,-,-,3285.18,-,-
24-Jun-14,-,-,-,3370.56,-,-
25-Jun-14,-,-,-,3344.47,-,-
26-Jun-14,-,-,-,3226.94,-,-
27-Jun-14,-,-,-,3228.1,-,-
30-Jun-14,-,-,-,3299.24,-,-
01-Jul-14,-,-,-,3292.84,-,-
02-Jul-14,-,-,-,3317.08,-,-
03-Jul-14,-,-,-,3280.33,-,-
04-Jul-14,-,-,-,3325.88,-,-
07-Jul-14,-,-,-,3300.01,-,-
08-Jul-14,-,-,-,3190.24,-,-
09-Jul-14,-,-,-,3213.66,-,-
10-Jul-14,-,-,-,3214.74,-,-
11-Jul-14,-,-,-,3133.15,-,-
14-Jul-14,-,-,-,3140.17,-,-
15-Jul-14,-,-,-,3196.19,-,-
16-Jul-14,-,-,-,3230.91,-,-
17-Jul-14,-,-,-,3225.98,-,-
18-Jul-14,-,-,-,3199.08,-,-
21-Jul-14,-,-,-,3202.02,-,-
22-Jul-14,-,-,-,3237.28,-,-
23-Jul-14,-,-,-,3243.78,-,-
24-Jul-14,-,-,-,3229.68,-,-
25-Jul-14,-,-,-,3182.56,-,-
28-Jul-14,-,-,-,3145.82,-,-
30-Jul-14,-,-,-,3163.56,-,-
31-Jul-14,-,-,-,3165.05,-,-
01-Aug-14,-,-,-,3110.69,-,-
04-Aug-14,-,-,-,3158.89,-,-
05-Aug-14,-,-,-,3172.71,-,-
06-Aug-14,-,-,-,3140.6,-,-
07-Aug-14,-,-,-,3155.7,-,-
08-Aug-14,-,-,-,3099.61,-,-
11-Aug-14,-,-,-,3099.19,-,-
12-Aug-14,-,-,-,3154.21,-,-
13-Aug-14,-,-,-,3159,-,-
14-Aug-14,-,-,-,3198.61,-,-
18-Aug-14,-,-,-,3299.07,-,-
19-Aug-14,-,-,-,3327.19,-,-
20-Aug-14,-,-,-,3283.1,-,-
21-Aug-14,-,-,-,3313.72,-,-
22-Aug-14,-,-,-,3301.82,-,-
25-Aug-14,-,-,-,3286.19,-,-
26-Aug-14,-,-,-,3263.12,-,-
27-Aug-14,-,-,-,3300.25,-,-
28-Aug-14,-,-,-,3337.72,-,-
01-Sep-14,-,-,-,3395.47,-,-
02-Sep-14,-,-,-,3431.21,-,-
03-Sep-14,-,-,-,3422.04,-,-
04-Sep-14,-,-,-,3408.8,-,-
05-Sep-14,-,-,-,3420.9,-,-
08-Sep-14,-,-,-,3484.92,-,-
09-Sep-14,-,-,-,3469.72,-,-
10-Sep-14,-,-,-,3422.78,-,-
11-Sep-14,-,-,-,3411.43,-,-
12-Sep-14,-,-,-,3410.92,-,-
15-Sep-14,-,-,-,3383.91,-,-
16-Sep-14,-,-,-,3279.86,-,-
17-Sep-14,-,-,-,3282.66,-,-
18-Sep-14,-,-,-,3336.25,-,-
19-Sep-14,-,-,-,3297.26,-,-
22-Sep-14,-,-,-,3333.14,-,-
23-Sep-14,-,-,-,3248.9,-,-
24-Sep-14,-,-,-,3256.85,-,-
25-Sep-14,-,-,-,3166.61,-,-
26-Sep-14,-,-,-,3208.29,-,-
29-Sep-14,-,-,-,3196.78,-,-
30-Sep-14,-,-,-,3229.81,-,-
01-Oct-14,-,-,-,3186.83,-,-
07-Oct-14,-,-,-,3154.56,-,-
08-Oct-14,-,-,-,3212.32,-,-
09-Oct-14,-,-,-,3252.45,-,-
10-Oct-14,-,-,-,3225.84,-,-
13-Oct-14,-,-,-,3232.87,-,-
14-Oct-14,-,-,-,3206.16,-,-
16-Oct-14,-,-,-,3155.04,-,-
17-Oct-14,-,-,-,3162.49,-,-
20-Oct-14,-,-,-,3246.69,-,-
21-Oct-14,-,-,-,3223.01,-,-
22-Oct-14,-,-,-,3233.74,-,-
23-Oct-14,-,-,-,3254.96,-,-
27-Oct-14,-,-,-,3204.16,-,-
28-Oct-14,-,-,-,3207.62,-,-
29-Oct-14,-,-,-,3235.4,-,-
30-Oct-14,-,-,-,3274.12,-,-
31-Oct-14,-,-,-,3346.68,-,-
03-Nov-14,-,-,-,3337.92,-,-
05-Nov-14,-,-,-,3323.4,-,-
07-Nov-14,-,-,-,3328.78,-,-
10-Nov-14,-,-,-,3298.21,-,-
11-Nov-14,-,-,-,3308.94,-,-
12-Nov-14,-,-,-,3290.12,-,-
13-Nov-14,-,-,-,3224.92,-,-
14-Nov-14,-,-,-,3266.08,-,-
17-Nov-14,-,-,-,3286.29,-,-
18-Nov-14,-,-,-,3265.68,-,-
19-Nov-14,-,-,-,3216.63,-,-
20-Nov-14,-,-,-,3228.18,-,-
21-Nov-14,-,-,-,3246.45,-,-
24-Nov-14,-,-,-,3233.32,-,-
25-Nov-14,-,-,-,3246.75,-,-
26-Nov-14,-,-,-,3260.55,-,-
27-Nov-14,-,-,-,3267.31,-,-
28-Nov-14,-,-,-,3283.14,-,-
01-Dec-14,-,-,-,3210.14,-,-
01-Jan-15,-,-,-,3016.65,-,-
02-Jan-15,-,-,-,3023.17,-,-
05-Jan-15,-,-,-,3032.04,-,-
06-Jan-15,-,-,-,2922.6,-,-
07-Jan-15,-,-,-,2945.08,-,-
08-Jan-15,-,-,-,2989.18,-,-
09-Jan-15,-,-,-,3026.91,-,-
12-Jan-15,-,-,-,2989.77,-,-
13-Jan-15,-,-,-,2962.05,-,-
14-Jan-15,-,-,-,2942.29,-,-
15-Jan-15,-,-,-,2985.36,-,-
16-Jan-15,-,-,-,2984.49,-,-
19-Jan-15,-,-,-,2997.13,-,-
20-Jan-15,-,-,-,3031.24,-,-
21-Jan-15,-,-,-,3026.67,-,-
22-Jan-15,-,-,-,3012.23,-,-
23-Jan-15,-,-,-,3021.08,-,-
27-Jan-15,-,-,-,3023.89,-,-
28-Jan-15,-,-,-,3064.07,-,-
29-Jan-15,-,-,-,3104.03,-,-
30-Jan-15,-,-,-,3086.95,-,-
02-Feb-15,-,-,-,3071.6,-,-
03-Feb-15,-,-,-,3115.07,-,-
04-Feb-15,-,-,-,3136.02,-,-
05-Feb-15,-,-,-,3102.74,-,-
06-Feb-15,-,-,-,3068.65,-,-
09-Feb-15,-,-,-,3041.22,-,-
10-Feb-15,-,-,-,3017.28,-,-
11-Feb-15,-,-,-,3032.26,-,-
12-Feb-15,-,-,-,3053.17,-,-
13-Feb-15,-,-,-,3044.62,-,-
16-Feb-15,-,-,-,3018.8,-,-
18-Feb-15,-,-,-,3011.94,-,-
19-Feb-15,-,-,-,3018.43,-,-
20-Feb-15,-,-,-,2978.09,-,-
23-Feb-15,-,-,-,2933.23,-,-
24-Feb-15,-,-,-,2899.73,-,-
25-Feb-15,-,-,-,2908.75,-,-
26-Feb-15,-,-,-,2909.29,-,-
27-Feb-15,-,-,-,2948.42,-,-
28-Feb-15,-,-,-,2965.86,-,-
02-Mar-15,-,-,-,2984.48,-,-
03-Mar-15,-,-,-,3023.48,-,-
04-Mar-15,-,-,-,2987.2,-,-
05-Mar-15,-,-,-,2986.26,-,-
09-Mar-15,-,-,-,2939.91,-,-
10-Mar-15,-,-,-,2918.17,-,-
11-Mar-15,-,-,-,2887.32,-,-
12-Mar-15,-,-,-,2914.13,-,-
13-Mar-15,-,-,-,2879.86,-,-
16-Mar-15,-,-,-,2858.19,-,-
17-Mar-15,-,-,-,2897.91,-,-
18-Mar-15,-,-,-,2915.71,-,-
19-Mar-15,-,-,-,2904.23,-,-
20-Mar-15,-,-,-,2878.62,-,-
23-Mar-15,-,-,-,2865.92,-,-
24-Mar-15,-,-,-,2881.2,-,-
25-Mar-15,-,-,-,2870.62,-,-
26-Mar-15,-,-,-,2839.55,-,-
27-Mar-15,-,-,-,2813.53,-,-
30-Mar-15,-,-,-,2844.51,-,-
31-Mar-15,-,-,-,2870.88,-,-
01-Apr-15,-,-,-,2881.39,-,-
06-Apr-15,-,-,-,2911.77,-,-
07-Apr-15,-,-,-,2918.41,-,-
08-Apr-15,-,-,-,2964.16,-,-
09-Apr-15,-,-,-,2979.64,-,-
10-Apr-15,-,-,-,2993.51,-,-
13-Apr-15,-,-,-,3022.73,-,-
15-Apr-15,-,-,-,3029.5,-,-
16-Apr-15,-,-,-,3061.02,-,-
17-Apr-15,-,-,-,3053.15,-,-
20-Apr-15,-,-,-,2981.83,-,-
21-Apr-15,-,-,-,2952.33,-,-
22-Apr-15,-,-,-,2940.54,-,-
23-Apr-15,-,-,-,2925.3,-,-
24-Apr-15,-,-,-,2921.27,-,-
27-Apr-15,-,-,-,2860.15,-,-
28-Apr-15,-,-,-,2865.18,-,-
29-Apr-15,-,-,-,2845.92,-,-
30-Apr-15,-,-,-,2857.85,-,-
04-May-15,-,-,-,2967.64,-,-
05-May-15,-,-,-,2997.52,-,-
06-May-15,-,-,-,2909.33,-,-
07-May-15,-,-,-,2857.92,-,-
08-May-15,-,-,-,2884.79,-,-
11-May-15,-,-,-,2920.86,-,-
12-May-15,-,-,-,2846.28,-,-
13-May-15,-,-,-,2880.56,-,-
14-May-15,-,-,-,2901.82,-,-
15-May-15,-,-,-,2900.5,-,-
18-May-15,-,-,-,2955.62,-,-
19-May-15,-,-,-,2946.04,-,-
20-May-15,-,-,-,2951.77,-,-
21-May-15,-,-,-,2938.19,-,-
22-May-15,-,-,-,2958.62,-,-
25-May-15,-,-,-,2960.4,-,-
26-May-15,-,-,-,2926.22,-,-
27-May-15,-,-,-,2955,-,-
28-May-15,-,-,-,2946.31,-,-
29-May-15,-,-,-,2976.15,-,-
01-Jun-15,-,-,-,3002.9,-,-
02-Jun-15,-,-,-,2974.08,-,-
03-Jun-15,-,-,-,2918.29,-,-
04-Jun-15,-,-,-,2929.07,-,-
05-Jun-15,-,-,-,2945.82,-,-
08-Jun-15,-,-,-,2898.8,-,-
09-Jun-15,-,-,-,2890.26,-,-
10-Jun-15,-,-,-,2935.73,-,-
11-Jun-15,-,-,-,2886.6,-,-
12-Jun-15,-,-,-,2907.62,-,-
15-Jun-15,-,-,-,2935.25,-,-
16-Jun-15,-,-,-,2935.18,-,-
17-Jun-15,-,-,-,2962.5,-,-
18-Jun-15,-,-,-,3054.29,-,-
19-Jun-15,-,-,-,3088.89,-,-
22-Jun-15,-,-,-,3090.95,-,-
23-Jun-15,-,-,-,3111.57,-,-
24-Jun-15,-,-,-,3088.68,-,-
25-Jun-15,-,-,-,3110.7,-,-
26-Jun-15,-,-,-,3093.12,-,-
29-Jun-15,-,-,-,3071.54,-,-
30-Jun-15,-,-,-,3083.32,-,-
01-Jul-15,-,-,-,3115.42,-,-
02-Jul-15,-,-,-,3132,-,-
03-Jul-15,-,-,-,3123.39,-,-
06-Jul-15,-,-,-,3155.1,-,-
07-Jul-15,-,-,-,3144.3,-,-
08-Jul-15,-,-,-,3106.04,-,-
09-Jul-15,-,-,-,3051.61,-,-
10-Jul-15,-,-,-,3065.96,-,-
13-Jul-15,-,-,-,3095.69,-,-
14-Jul-15,-,-,-,3105.9,-,-
15-Jul-15,-,-,-,3115.76,-,-
16-Jul-15,-,-,-,3150.26,-,-
17-Jul-15,-,-,-,3148.66,-,-
20-Jul-15,-,-,-,3159.93,-,-
21-Jul-15,-,-,-,3101.54,-,-
22-Jul-15,-,-,-,3180.6,-,-
23-Jul-15,-,-,-,3187.11,-,-
24-Jul-15,-,-,-,3155.14,-,-
27-Jul-15,-,-,-,3092.27,-,-
28-Jul-15,-,-,-,3083.61,-,-
29-Jul-15,-,-,-,3071.53,-,-
30-Jul-15,-,-,-,3083.79,-,-
31-Jul-15,-,-,-,3083.53,-,-
03-Aug-15,-,-,-,3077.1,-,-
04-Aug-15,-,-,-,3044.51,-,-
05-Aug-15,-,-,-,3050.2,-,-
06-Aug-15,-,-,-,3045.88,-,-
07-Aug-15,-,-,-,3099.36,-,-
10-Aug-15,-,-,-,3069.24,-,-
11-Aug-15,-,-,-,3037.14,-,-
12-Aug-15,-,-,-,2946.73,-,-
13-Aug-15,-,-,-,2938.29,-,-
14-Aug-15,-,-,-,2975.14,-,-
17-Aug-15,-,-,-,2941.23,-,-
18-Aug-15,-,-,-,2932.99,-,-
19-Aug-15,-,-,-,2936.48,-,-
20-Aug-15,-,-,-,2869.2,-,-
21-Aug-15,-,-,-,2847.72,-,-
24-Aug-15,-,-,-,2586.68,-,-
25-Aug-15,-,-,-,2662,-,-
26-Aug-15,-,-,-,2645.93,-,-
27-Aug-15,-,-,-,2710.71,-,-
28-Aug-15,-,-,-,2748.16,-,-
31-Aug-15,-,-,-,2740.15,-,-
01-Sep-15,-,-,-,2690.53,-,-
02-Sep-15,-,-,-,2662.34,-,-
03-Sep-15,-,-,-,2687.45,-,-
04-Sep-15,-,-,-,2645.59,-,-
07-Sep-15,-,-,-,2622.26,-,-
08-Sep-15,-,-,-,2653.13,-,-
09-Sep-15,-,-,-,2696.37,-,-
10-Sep-15,-,-,-,2685.3,-,-
11-Sep-15,-,-,-,2676.33,-,-
14-Sep-15,-,-,-,2700.98,-,-
15-Sep-15,-,-,-,2702.41,-,-
16-Sep-15,-,-,-,2693.16,-,-
18-Sep-15,-,-,-,2730.92,-,-
21-Sep-15,-,-,-,2719.71,-,-
22-Sep-15,-,-,-,2673.7,-,-
23-Sep-15,-,-,-,2695.14,-,-
24-Sep-15,-,-,-,2668.22,-,-
28-Sep-15,-,-,-,2658.65,-,-
29-Sep-15,-,-,-,2649.89,-,-
30-Sep-15,-,-,-,2702.1,-,-
01-Oct-15,-,-,-,2707.63,-,-
05-Oct-15,-,-,-,2761.69,-,-
06-Oct-15,-,-,-,2807.87,-,-
07-Oct-15,-,-,-,2848.91,-,-
08-Oct-15,-,-,-,2817.9,-,-
09-Oct-15,-,-,-,2823.4,-,-
12-Oct-15,-,-,-,2826.57,-,-
13-Oct-15,-,-,-,2811.16,-,-
14-Oct-15,-,-,-,2822.38,-,-
15-Oct-15,-,-,-,2856.99,-,-
16-Oct-15,-,-,-,2887.19,-,-
19-Oct-15,-,-,-,2933.62,-,-
20-Oct-15,-,-,-,2909.7,-,-
21-Oct-15,-,-,-,2897.17,-,-
23-Oct-15,-,-,-,2917.33,-,-
26-Oct-15,-,-,-,2891.35,-,-
27-Oct-15,-,-,-,2868.14,-,-
28-Oct-15,-,-,-,2863.97,-,-
29-Oct-15,-,-,-,2847.74,-,-
30-Oct-15,-,-,-,2849.14,-,-
02-Nov-15,-,-,-,2861.6,-,-
03-Nov-15,-,-,-,2883.18,-,-
04-Nov-15,-,-,-,2875.83,-,-
05-Nov-15,-,-,-,2850.16,-,-
06-Nov-15,-,-,-,2866.09,-,-
09-Nov-15,-,-,-,2870.75,-,-
10-Nov-15,-,-,-,2762.74,-,-
11-Nov-15,-,-,-,2781.79,-,-
13-Nov-15,-,-,-,2766,-,-
16-Nov-15,-,-,-,2772.09,-,-
17-Nov-15,-,-,-,2773.72,-,-
18-Nov-15,-,-,-,2758.69,-,-
19-Nov-15,-,-,-,2808.63,-,-
20-Nov-15,-,-,-,2857.47,-,-
23-Nov-15,-,-,-,2870.87,-,-
24-Nov-15,-,-,-,2891.94,-,-
26-Nov-15,-,-,-,2925.63,-,-
27-Nov-15,-,-,-,2917.31,-,-
30-Nov-15,-,-,-,2907.57,-,-
01-Dec-15,-,-,-,2932.33,-,-
01-Jan-16,-,-,-,3012.7,-,-
04-Jan-16,-,-,-,2965.15,-,-
05-Jan-16,-,-,-,3019.92,-,-
06-Jan-16,-,-,-,3051.66,-,-
07-Jan-16,-,-,-,2969.23,-,-
08-Jan-16,-,-,-,3012.53,-,-
11-Jan-16,-,-,-,3014.44,-,-
12-Jan-16,-,-,-,2987,-,-
13-Jan-16,-,-,-,3018.04,-,-
14-Jan-16,-,-,-,3003,-,-
15-Jan-16,-,-,-,2984.85,-,-
18-Jan-16,-,-,-,2875.17,-,-
19-Jan-16,-,-,-,2912.51,-,-
20-Jan-16,-,-,-,2836.16,-,-
21-Jan-16,-,-,-,2790.81,-,-
22-Jan-16,-,-,-,2870.07,-,-
25-Jan-16,-,-,-,2867.91,-,-
27-Jan-16,-,-,-,2859.69,-,-
28-Jan-16,-,-,-,2886.14,-,-
29-Jan-16,-,-,-,2935.57,-,-
01-Feb-16,-,-,-,2926.62,-,-
02-Feb-16,-,-,-,2847.61,-,-
03-Feb-16,-,-,-,2803.71,-,-
04-Feb-16,-,-,-,2802.6,-,-
05-Feb-16,-,-,-,2810.74,-,-
08-Feb-16,-,-,-,2772.03,-,-
09-Feb-16,-,-,-,2773.74,-,-
10-Feb-16,-,-,-,2757.94,-,-
11-Feb-16,-,-,-,2652.64,-,-
12-Feb-16,-,-,-,2591.05,-,-
15-Feb-16,-,-,-,2694.25,-,-
16-Feb-16,-,-,-,2638.25,-,-
17-Feb-16,-,-,-,2675.95,-,-
18-Feb-16,-,-,-,2698.82,-,-
19-Feb-16,-,-,-,2679.77,-,-
22-Feb-16,-,-,-,2709.08,-,-
23-Feb-16,-,-,-,2662.51,-,-
24-Feb-16,-,-,-,2664.49,-,-
25-Feb-16,-,-,-,2647.18,-,-
26-Feb-16,-,-,-,2658.68,-,-
29-Feb-16,-,-,-,2628.3,-,-
01-Mar-16,-,-,-,2685.13,-,-
02-Mar-16,-,-,-,2719.02,-,-
03-Mar-16,-,-,-,2755.04,-,-
04-Mar-16,-,-,-,2761.79,-,-
08-Mar-16,-,-,-,2804.22,-,-
09-Mar-16,-,-,-,2811.87,-,-
10-Mar-16,-,-,-,2777.2,-,-
11-Mar-16,-,-,-,2784.98,-,-
14-Mar-16,-,-,-,2799.42,-,-
15-Mar-16,-,-,-,2802.1,-,-
16-Mar-16,-,-,-,2798.08,-,-
17-Mar-16,-,-,-,2847.14,-,-
18-Mar-16,-,-,-,2864.67,-,-
21-Mar-16,-,-,-,2897.78,-,-
22-Mar-16,-,-,-,2908.85,-,-
23-Mar-16,-,-,-,2877.48,-,-
28-Mar-16,-,-,-,2862.25,-,-
29-Mar-16,-,-,-,2873.5,-,-
30-Mar-16,-,-,-,2928.39,-,-
31-Mar-16,-,-,-,2913.42,-,-
01-Apr-16,-,-,-,2876.42,-,-
04-Apr-16,-,-,-,2879.53,-,-
05-Apr-16,-,-,-,2860.81,-,-
06-Apr-16,-,-,-,2882.12,-,-
07-Apr-16,-,-,-,2883.52,-,-
08-Apr-16,-,-,-,2890.92,-,-
11-Apr-16,-,-,-,2916.96,-,-
12-Apr-16,-,-,-,2948.9,-,-
13-Apr-16,-,-,-,2982.43,-,-
18-Apr-16,-,-,-,2992.62,-,-
20-Apr-16,-,-,-,2962.33,-,-
21-Apr-16,-,-,-,2987.42,-,-
22-Apr-16,-,-,-,2992.95,-,-
25-Apr-16,-,-,-,2965.16,-,-
26-Apr-16,-,-,-,2972.97,-,-
27-Apr-16,-,-,-,3007.87,-,-
28-Apr-16,-,-,-,2943.58,-,-
29-Apr-16,-,-,-,2945.64,-,-
02-May-16,-,-,-,2953.59,-,-
03-May-16,-,-,-,2924.4,-,-
04-May-16,-,-,-,2906.84,-,-
05-May-16,-,-,-,2898.53,-,-
06-May-16,-,-,-,2910.21,-,-
09-May-16,-,-,-,2934.7,-,-
10-May-16,-,-,-,2919.44,-,-
11-May-16,-,-,-,2900.72,-,-
12-May-16,-,-,-,2926.84,-,-
13-May-16,-,-,-,2898.86,-,-
16-May-16,-,-,-,2886.71,-,-
17-May-16,-,-,-,2913.27,-,-
18-May-16,-,-,-,2913.24,-,-
19-May-16,-,-,-,2876.78,-,-
20-May-16,-,-,-,2853.11,-,-
23-May-16,-,-,-,2829.07,-,-
24-May-16,-,-,-,2812.24,-,-
25-May-16,-,-,-,2864.89,-,-
26-May-16,-,-,-,2882.85,-,-
27-May-16,-,-,-,2961.11,-,-
30-May-16,-,-,-,2942.82,-,-
31-May-16,-,-,-,2917.05,-,-
01-Jun-16,-,-,-,2920.21,-,-
02-Jun-16,-,-,-,2938.37,-,-
03-Jun-16,-,-,-,2943.9,-,-
06-Jun-16,-,-,-,2930.67,-,-
07-Jun-16,-,-,-,2928.34,-,-
08-Jun-16,-,-,-,2934.12,-,-
09-Jun-16,-,-,-,2969.41,-,-
10-Jun-16,-,-,-,2954.52,-,-
13-Jun-16,-,-,-,2957.95,-,-
14-Jun-16,-,-,-,2946.85,-,-
15-Jun-16,-,-,-,2976.73,-,-
16-Jun-16,-,-,-,2967.04,-,-
17-Jun-16,-,-,-,2964.2,-,-
20-Jun-16,-,-,-,2984.82,-,-
21-Jun-16,-,-,-,2993.75,-,-
22-Jun-16,-,-,-,2986.25,-,-
23-Jun-16,-,-,-,3002.93,-,-
24-Jun-16,-,-,-,2941.82,-,-
27-Jun-16,-,-,-,2968.95,-,-
28-Jun-16,-,-,-,2993.22,-,-
29-Jun-16,-,-,-,3025.63,-,-
30-Jun-16,-,-,-,3044.75,-,-
01-Jul-16,-,-,-,3112.64,-,-
04-Jul-16,-,-,-,3157.97,-,-
05-Jul-16,-,-,-,3149.73,-,-
07-Jul-16,-,-,-,3133.99,-,-
08-Jul-16,-,-,-,3103.55,-,-
11-Jul-16,-,-,-,3145.87,-,-
12-Jul-16,-,-,-,3162.65,-,-
13-Jul-16,-,-,-,3177.47,-,-
14-Jul-16,-,-,-,3179.78,-,-
15-Jul-16,-,-,-,3182.11,-,-
18-Jul-16,-,-,-,3136.81,-,-
19-Jul-16,-,-,-,3191.41,-,-
20-Jul-16,-,-,-,3232.23,-,-
21-Jul-16,-,-,-,3226.09,-,-
22-Jul-16,-,-,-,3247.09,-,-
25-Jul-16,-,-,-,3294.76,-,-
26-Jul-16,-,-,-,3275.87,-,-
27-Jul-16,-,-,-,3272.32,-,-
28-Jul-16,-,-,-,3276.66,-,-
29-Jul-16,-,-,-,3285.51,-,-
01-Aug-16,-,-,-,3281.92,-,-
02-Aug-16,-,-,-,3280.97,-,-
03-Aug-16,-,-,-,3237.88,-,-
04-Aug-16,-,-,-,3236.65,-,-
05-Aug-16,-,-,-,3323.05,-,-
08-Aug-16,-,-,-,3369.24,-,-
09-Aug-16,-,-,-,3345.11,-,-
10-Aug-16,-,-,-,3272.7,-,-
11-Aug-16,-,-,-,3301.06,-,-
12-Aug-16,-,-,-,3311.86,-,-
16-Aug-16,-,-,-,3328.1,-,-
17-Aug-16,-,-,-,3316.48,-,-
18-Aug-16,-,-,-,3349.35,-,-
19-Aug-16,-,-,-,3362.83,-,-
22-Aug-16,-,-,-,3346.23,-,-
23-Aug-16,-,-,-,3307.12,-,-
24-Aug-16,-,-,-,3351.99,-,-
25-Aug-16,-,-,-,3351.96,-,-
26-Aug-16,-,-,-,3377.68,-,-
29-Aug-16,-,-,-,3405.71,-,-
30-Aug-16,-,-,-,3444.48,-,-
31-Aug-16,-,-,-,3438.32,-,-
01-Sep-16,-,-,-,3399.73,-,-
02-Sep-16,-,-,-,3397.05,-,-
06-Sep-16,-,-,-,3427.59,-,-
07-Sep-16,-,-,-,3419.34,-,-
08-Sep-16,-,-,-,3433.57,-,-
09-Sep-16,-,-,-,3469,-,-
12-Sep-16,-,-,-,3407.74,-,-
14-Sep-16,-,-,-,3412.26,-,-
15-Sep-16,-,-,-,3421.54,-,-
16-Sep-16,-,-,-,3459.33,-,-
19-Sep-16,-,-,-,3480.2,-,-
20-Sep-16,-,-,-,3484.07,-,-
21-Sep-16,-,-,-,3478.92,-,-
22-Sep-16,-,-,-,3532.54,-,-
23-Sep-16,-,-,-,3557.87,-,-
26-Sep-16,-,-,-,3554.25,-,-
27-Sep-16,-,-,-,3539.72,-,-
28-Sep-16,-,-,-,3540.27,-,-
29-Sep-16,-,-,-,3473.41,-,-
30-Sep-16,-,-,-,3531.44,-,-
03-Oct-16,-,-,-,3593.94,-,-
04-Oct-16,-,-,-,3662.96,-,-
05-Oct-16,-,-,-,3651.08,-,-
06-Oct-16,-,-,-,3732.06,-,-
07-Oct-16,-,-,-,3712.04,-,-
10-Oct-16,-,-,-,3687.77,-,-
13-Oct-16,-,-,-,3644.19,-,-
14-Oct-16,-,-,-,3717.7,-,-
17-Oct-16,-,-,-,3690.66,-,-
18-Oct-16,-,-,-,3712.07,-,-
19-Oct-16,-,-,-,3736.45,-,-
20-Oct-16,-,-,-,3739.98,-,-
21-Oct-16,-,-,-,3724.12,-,-
24-Oct-16,-,-,-,3776.29,-,-
25-Oct-16,-,-,-,3762,-,-
26-Oct-16,-,-,-,3740.62,-,-
27-Oct-16,-,-,-,3715.2,-,-
28-Oct-16,-,-,-,3733.05,-,-
30-Oct-16,-,-,-,3734.46,-,-
01-Nov-16,-,-,-,3737.87,-,-
02-Nov-16,-,-,-,3633.58,-,-
03-Nov-16,-,-,-,3577.16,-,-
04-Nov-16,-,-,-,3550.09,-,-
07-Nov-16,-,-,-,3572.71,-,-
08-Nov-16,-,-,-,3601.69,-,-
09-Nov-16,-,-,-,3600.8,-,-
10-Nov-16,-,-,-,3651.65,-,-
11-Nov-16,-,-,-,3579.96,-,-
15-Nov-16,-,-,-,3515.98,-,-
16-Nov-16,-,-,-,3500.15,-,-
17-Nov-16,-,-,-,3504.26,-,-
18-Nov-16,-,-,-,3550.6,-,-
21-Nov-16,-,-,-,3514.44,-,-
22-Nov-16,-,-,-,3550.45,-,-
23-Nov-16,-,-,-,3563.43,-,-
24-Nov-16,-,-,-,3522.52,-,-
25-Nov-16,-,-,-,3553.6,-,-
28-Nov-16,-,-,-,3585.59,-,-
29-Nov-16,-,-,-,3593.14,-,-
30-Nov-16,-,-,-,3612.55,-,-
01-Dec-16,-,-,-,3592.58,-,-
02-Jan-17,-,-,-,3723.2,-,-
03-Jan-17,-,-,-,3778.44,-,-
04-Jan-17,-,-,-,3756.81,-,-
05-Jan-17,-,-,-,3820.59,-,-
06-Jan-17,-,-,-,3808.15,-,-
09-Jan-17,-,-,-,3779.75,-,-
10-Jan-17,-,-,-,3816.13,-,-
11-Jan-17,-,-,-,3824.58,-,-
12-Jan-17,-,-,-,3834.09,-,-
13-Jan-17,-,-,-,3841.23,-,-
16-Jan-17,-,-,-,3818.51,-,-
17-Jan-17,-,-,-,3759.74,-,-
18-Jan-17,-,-,-,3753.3,-,-
19-Jan-17,-,-,-,3813.68,-,-
20-Jan-17,-,-,-,3764.84,-,-
23-Jan-17,-,-,-,3799.23,-,-
24-Jan-17,-,-,-,3842.95,-,-
25-Jan-17,-,-,-,3894.54,-,-
27-Jan-17,-,-,-,3910.62,-,-
30-Jan-17,-,-,-,3914.85,-,-
31-Jan-17,-,-,-,3862.41,-,-
01-Feb-17,-,-,-,3910.2,-,-
02-Feb-17,-,-,-,3929.25,-,-
03-Feb-17,-,-,-,3923.28,-,-
06-Feb-17,-,-,-,3958.78,-,-
07-Feb-17,-,-,-,3929.16,-,-
08-Feb-17,-,-,-,3947.8,-,-
09-Feb-17,-,-,-,3953.25,-,-
10-Feb-17,-,-,-,3933.14,-,-
13-Feb-17,-,-,-,3924.92,-,-
14-Feb-17,-,-,-,3929.64,-,-
15-Feb-17,-,-,-,3895.28,-,-
16-Feb-17,-,-,-,3928.93,-,-
17-Feb-17,-,-,-,3979.35,-,-
20-Feb-17,-,-,-,4012.16,-,-
21-Feb-17,-,-,-,4041.72,-,-
22-Feb-17,-,-,-,4163.48,-,-
23-Feb-17,-,-,-,4140.47,-,-
27-Feb-17,-,-,-,4190.45,-,-
28-Feb-17,-,-,-,4144.9,-,-
01-Mar-17,-,-,-,4115.66,-,-
02-Mar-17,-,-,-,4075.13,-,-
03-Mar-17,-,-,-,4123.38,-,-
06-Mar-17,-,-,-,4191.28,-,-
07-Mar-17,-,-,-,4205.35,-,-
08-Mar-17,-,-,-,4153.15,-,-
09-Mar-17,-,-,-,4125.46,-,-
10-Mar-17,-,-,-,4111.56,-,-
14-Mar-17,-,-,-,4137.47,-,-
15-Mar-17,-,-,-,4146.96,-,-
16-Mar-17,-,-,-,4168.05,-,-
17-Mar-17,-,-,-,4156.33,-,-
20-Mar-17,-,-,-,4128.64,-,-
21-Mar-17,-,-,-,4112.77,-,-
22-Mar-17,-,-,-,4099.79,-,-
23-Mar-17,-,-,-,4148.42,-,-
24-Mar-17,-,-,-,4152.05,-,-
27-Mar-17,-,-,-,4097,-,-
28-Mar-17,-,-,-,4084.95,-,-
29-Mar-17,-,-,-,4098.51,-,-
30-Mar-17,-,-,-,4110.31,-,-
31-Mar-17,-,-,-,4193.38,-,-
03-Apr-17,-,-,-,4246.08,-,-
05-Apr-17,-,-,-,4288.08,-,-
06-Apr-17,-,-,-,4330.55,-,-
07-Apr-17,-,-,-,4330.67,-,-
10-Apr-17,-,-,-,4346.4,-,-
11-Apr-17,-,-,-,4351.9,-,-
12-Apr-17,-,-,-,4332.31,-,-
13-Apr-17,-,-,-,4377.33,-,-
17-Apr-17,-,-,-,4417.31,-,-
18-Apr-17,-,-,-,4386.91,-,-
19-Apr-17,-,-,-,4396.33,-,-
20-Apr-17,-,-,-,4390.68,-,-
21-Apr-17,-,-,-,4419.72,-,-
24-Apr-17,-,-,-,4454.95,-,-
25-Apr-17,-,-,-,4505.28,-,-
26-Apr-17,-,-,-,4456.59,-,-
27-Apr-17,-,-,-,4466.95,-,-
28-Apr-17,-,-,-,4462.01,-,-
02-May-17,-,-,-,4488.15,-,-
03-May-17,-,-,-,4463.24,-,-
04-May-17,-,-,-,4434.9,-,-
05-May-17,-,-,-,4358.99,-,-
08-May-17,-,-,-,4349.52,-,-
09-May-17,-,-,-,4377.65,-,-
10-May-17,-,-,-,4424.69,-,-
11-May-17,-,-,-,4389,-,-
12-May-17,-,-,-,4389.61,-,-
15-May-17,-,-,-,4413.99,-,-
16-May-17,-,-,-,4427.25,-,-
17-May-17,-,-,-,4413.08,-,-
18-May-17,-,-,-,4343.73,-,-
19-May-17,-,-,-,4310.33,-,-
22-May-17,-,-,-,4264.07,-,-
23-May-17,-,-,-,4206.02,-,-
24-May-17,-,-,-,4219.19,-,-
25-May-17,-,-,-,4265.49,-,-
26-May-17,-,-,-,4354.51,-,-
29-May-17,-,-,-,4351.21,-,-
30-May-17,-,-,-,4370.52,-,-
31-May-17,-,-,-,4368.86,-,-
01-Jun-17,-,-,-,4315.63,-,-
02-Jun-17,-,-,-,4295.19,-,-
05-Jun-17,-,-,-,4312.72,-,-
06-Jun-17,-,-,-,4288.65,-,-
07-Jun-17,-,-,-,4312.43,-,-
08-Jun-17,-,-,-,4263.67,-,-
09-Jun-17,-,-,-,4256.4,-,-
12-Jun-17,-,-,-,4237.11,-,-
13-Jun-17,-,-,-,4225.14,-,-
14-Jun-17,-,-,-,4269,-,-
15-Jun-17,-,-,-,4239.9,-,-
16-Jun-17,-,-,-,4254.04,-,-
19-Jun-17,-,-,-,4275.35,-,-
20-Jun-17,-,-,-,4297.26,-,-
21-Jun-17,-,-,-,4268.12,-,-
22-Jun-17,-,-,-,4210.7,-,-
23-Jun-17,-,-,-,4173.14,-,-
27-Jun-17,-,-,-,4174.64,-,-
28-Jun-17,-,-,-,4128.48,-,-
29-Jun-17,-,-,-,4129.11,-,-
30-Jun-17,-,-,-,4123.6,-,-
03-Jul-17,-,-,-,4147.39,-,-
04-Jul-17,-,-,-,4186.33,-,-
05-Jul-17,-,-,-,4229.58,-,-
06-Jul-17,-,-,-,4213.76,-,-
07-Jul-17,-,-,-,4248.89,-,-
10-Jul-17,-,-,-,4278.93,-,-
11-Jul-17,-,-,-,4283.49,-,-
12-Jul-17,-,-,-,4348.33,-,-
13-Jul-17,-,-,-,4346.33,-,-
14-Jul-17,-,-,-,4372.62,-,-
17-Jul-17,-,-,-,4393.52,-,-
18-Jul-17,-,-,-,4350.56,-,-
19-Jul-17,-,-,-,4392.69,-,-
20-Jul-17,-,-,-,4377.05,-,-
21-Jul-17,-,-,-,4436.88,-,-
24-Jul-17,-,-,-,4455.78,-,-
25-Jul-17,-,-,-,4445.41,-,-
26-Jul-17,-,-,-,4471.94,-,-
27-Jul-17,-,-,-,4442.73,-,-
28-Jul-17,-,-,-,4452.78,-,-
31-Jul-17,-,-,-,4493.61,-,-
01-Aug-17,-,-,-,4501.37,-,-
02-Aug-17,-,-,-,4510,-,-
03-Aug-17,-,-,-,4566.47,-,-
04-Aug-17,-,-,-,4650.43,-,-
07-Aug-17,-,-,-,4706.78,-,-
08-Aug-17,-,-,-,4622.84,-,-
09-Aug-17,-,-,-,4601.98,-,-
10-Aug-17,-,-,-,4515.43,-,-
11-Aug-17,-,-,-,4489.89,-,-
14-Aug-17,-,-,-,4556.09,-,-
16-Aug-17,-,-,-,4566.39,-,-
17-Aug-17,-,-,-,4578.72,-,-
18-Aug-17,-,-,-,4615.57,-,-
21-Aug-17,-,-,-,4548.82,-,-
22-Aug-17,-,-,-,4599.28,-,-
23-Aug-17,-,-,-,4647.87,-,-
24-Aug-17,-,-,-,4634.75,-,-
28-Aug-17,-,-,-,4648.95,-,-
29-Aug-17,-,-,-,4589.08,-,-
30-Aug-17,-,-,-,4694.83,-,-
31-Aug-17,-,-,-,4732.16,-,-
01-Sep-17,-,-,-,4757.85,-,-
04-Sep-17,-,-,-,4729.36,-,-
05-Sep-17,-,-,-,4774.46,-,-
06-Sep-17,-,-,-,4774.23,-,-
07-Sep-17,-,-,-,4756.68,-,-
08-Sep-17,-,-,-,4735.5,-,-
11-Sep-17,-,-,-,4774.28,-,-
12-Sep-17,-,-,-,4846.2,-,-
13-Sep-17,-,-,-,4798.85,-,-
14-Sep-17,-,-,-,4781.59,-,-
15-Sep-17,-,-,-,4791.12,-,-
18-Sep-17,-,-,-,4792.67,-,-
19-Sep-17,-,-,-,4833.58,-,-
20-Sep-17,-,-,-,4825.9,-,-
21-Sep-17,-,-,-,4797.25,-,-
22-Sep-17,-,-,-,4694.66,-,-
25-Sep-17,-,-,-,4673.61,-,-
26-Sep-17,-,-,-,4670.53,-,-
27-Sep-17,-,-,-,4608.43,-,-
28-Sep-17,-,-,-,4588.93,-,-
29-Sep-17,-,-,-,4632.48,-,-
03-Oct-17,-,-,-,4703.21,-,-
04-Oct-17,-,-,-,4767.18,-,-
05-Oct-17,-,-,-,4754.89,-,-
06-Oct-17,-,-,-,4847.33,-,-
09-Oct-17,-,-,-,4798.3,-,-
10-Oct-17,-,-,-,4825.92,-,-
11-Oct-17,-,-,-,4861.21,-,-
12-Oct-17,-,-,-,4925.59,-,-
13-Oct-17,-,-,-,4922.01,-,-
16-Oct-17,-,-,-,4945.79,-,-
17-Oct-17,-,-,-,4970.44,-,-
18-Oct-17,-,-,-,5062.99,-,-
19-Oct-17,-,-,-,5025.72,-,-
23-Oct-17,-,-,-,5096.13,-,-
24-Oct-17,-,-,-,5114.82,-,-
25-Oct-17,-,-,-,5136.07,-,-
26-Oct-17,-,-,-,5238.85,-,-
27-Oct-17,-,-,-,5172.07,-,-
30-Oct-17,-,-,-,5233.66,-,-
31-Oct-17,-,-,-,5228.48,-,-
01-Nov-17,-,-,-,5253.27,-,-
02-Nov-17,-,-,-,5235.55,-,-
03-Nov-17,-,-,-,5231.56,-,-
06-Nov-17,-,-,-,5217.19,-,-
07-Nov-17,-,-,-,5130.98,-,-
08-Nov-17,-,-,-,5057.3,-,-
09-Nov-17,-,-,-,5071.08,-,-
10-Nov-17,-,-,-,5023.3,-,-
13-Nov-17,-,-,-,4971.3,-,-
14-Nov-17,-,-,-,4949.6,-,-
15-Nov-17,-,-,-,4922.71,-,-
16-Nov-17,-,-,-,4964.89,-,-
17-Nov-17,-,-,-,4985.69,-,-
20-Nov-17,-,-,-,5021.85,-,-
21-Nov-17,-,-,-,5062.68,-,-
22-Nov-17,-,-,-,5065.45,-,-
23-Nov-17,-,-,-,5095.39,-,-
24-Nov-17,-,-,-,5125.01,-,-
27-Nov-17,-,-,-,5122.17,-,-
28-Nov-17,-,-,-,5097.13,-,-
29-Nov-17,-,-,-,5102.32,-,-
30-Nov-17,-,-,-,5047.66,-,-
01-Dec-17,-,-,-,4973.21,-,-
01-Jan-18,-,-,-,5112.66,-,-
02-Jan-18,-,-,-,5099.73,-,-
03-Jan-18,-,-,-,5091.04,-,-
04-Jan-18,-,-,-,5132.49,-,-
05-Jan-18,-,-,-,5125.14,-,-
08-Jan-18,-,-,-,5157.37,-,-
09-Jan-18,-,-,-,5175.01,-,-
10-Jan-18,-,-,-,5178.33,-,-
11-Jan-18,-,-,-,5162.45,-,-
12-Jan-18,-,-,-,5206.99,-,-
15-Jan-18,-,-,-,5176.67,-,-
16-Jan-18,-,-,-,5071.44,-,-
17-Jan-18,-,-,-,5075.24,-,-
18-Jan-18,-,-,-,5013.51,-,-
19-Jan-18,-,-,-,5060.15,-,-
22-Jan-18,-,-,-,5121.94,-,-
23-Jan-18,-,-,-,5206.62,-,-
24-Jan-18,-,-,-,5195.1,-,-
25-Jan-18,-,-,-,5179.82,-,-
29-Jan-18,-,-,-,5140.28,-,-
30-Jan-18,-,-,-,5170.52,-,-
31-Jan-18,-,-,-,5195.78,-,-
01-Feb-18,-,-,-,5130.3,-,-
02-Feb-18,-,-,-,4960.25,-,-
05-Feb-18,-,-,-,4948.6,-,-
06-Feb-18,-,-,-,4882.44,-,-
07-Feb-18,-,-,-,4956.09,-,-
08-Feb-18,-,-,-,4961.2,-,-
09-Feb-18,-,-,-,4923.16,-,-
12-Feb-18,-,-,-,4971.14,-,-
14-Feb-18,-,-,-,4974.84,-,-
15-Feb-18,-,-,-,5014.05,-,-
16-Feb-18,-,-,-,4949.08,-,-
19-Feb-18,-,-,-,4912.21,-,-
20-Feb-18,-,-,-,4908,-,-
21-Feb-18,-,-,-,4936.56,-,-
22-Feb-18,-,-,-,4871.04,-,-
23-Feb-18,-,-,-,4916.86,-,-
26-Feb-18,-,-,-,4959.22,-,-
27-Feb-18,-,-,-,4978.22,-,-
28-Feb-18,-,-,-,4975.84,-,-
01-Mar-18,-,-,-,4970.24,-,-
05-Mar-18,-,-,-,4872.79,-,-
06-Mar-18,-,-,-,4857.41,-,-
07-Mar-18,-,-,-,4785.5,-,-
08-Mar-18,-,-,-,4826.05,-,-
09-Mar-18,-,-,-,4815.84,-,-
12-Mar-18,-,-,-,4910.49,-,-
13-Mar-18,-,-,-,4975.51,-,-
14-Mar-18,-,-,-,4931.34,-,-
15-Mar-18,-,-,-,4870.19,-,-
16-Mar-18,-,-,-,4784.5,-,-
19-Mar-18,-,-,-,4716.07,-,-
20-Mar-18,-,-,-,4674.38,-,-
21-Mar-18,-,-,-,4696.09,-,-
22-Mar-18,-,-,-,4697.18,-,-
23-Mar-18,-,-,-,4651.23,-,-
26-Mar-18,-,-,-,4648.96,-,-
27-Mar-18,-,-,-,4688.09,-,-
28-Mar-18,-,-,-,4672.47,-,-
02-Apr-18,-,-,-,4675.52,-,-
03-Apr-18,-,-,-,4705.8,-,-
04-Apr-18,-,-,-,4656.14,-,-
05-Apr-18,-,-,-,4722.28,-,-
06-Apr-18,-,-,-,4757.59,-,-
09-Apr-18,-,-,-,4820.96,-,-
10-Apr-18,-,-,-,4821.02,-,-
11-Apr-18,-,-,-,4745.44,-,-
12-Apr-18,-,-,-,4741.34,-,-
13-Apr-18,-,-,-,4737.3,-,-
16-Apr-18,-,-,-,4730.85,-,-
17-Apr-18,-,-,-,4756.15,-,-
18-Apr-18,-,-,-,4726.12,-,-
19-Apr-18,-,-,-,4681.01,-,-
20-Apr-18,-,-,-,4642.23,-,-
23-Apr-18,-,-,-,4672.73,-,-
24-Apr-18,-,-,-,4756.89,-,-
25-Apr-18,-,-,-,4705.41,-,-
26-Apr-18,-,-,-,4710.62,-,-
27-Apr-18,-,-,-,4771.65,-,-
30-Apr-18,-,-,-,4697.65,-,-
02-May-18,-,-,-,4688.49,-,-
03-May-18,-,-,-,4650.92,-,-
04-May-18,-,-,-,4636.27,-,-
07-May-18,-,-,-,4715.65,-,-
08-May-18,-,-,-,4725.32,-,-
09-May-18,-,-,-,4730.85,-,-
10-May-18,-,-,-,4754.63,-,-
11-May-18,-,-,-,4798.72,-,-
14-May-18,-,-,-,4803.28,-,-
15-May-18,-,-,-,4784.13,-,-
16-May-18,-,-,-,4697.83,-,-
17-May-18,-,-,-,4695.81,-,-
18-May-18,-,-,-,4632.23,-,-
21-May-18,-,-,-,4626.94,-,-
22-May-18,-,-,-,4607.45,-,-
23-May-18,-,-,-,4467.6,-,-
24-May-18,-,-,-,4419.52,-,-
25-May-18,-,-,-,4525.22,-,-
28-May-18,-,-,-,4616.49,-,-
29-May-18,-,-,-,4628.85,-,-
30-May-18,-,-,-,4598.65,-,-
31-May-18,-,-,-,4654.13,-,-
01-Jun-18,-,-,-,4637.65,-,-
04-Jun-18,-,-,-,4645.22,-,-
05-Jun-18,-,-,-,4647.24,-,-
06-Jun-18,-,-,-,4661.01,-,-
07-Jun-18,-,-,-,4723.66,-,-
08-Jun-18,-,-,-,4762.64,-,-
11-Jun-18,-,-,-,4749.8,-,-
12-Jun-18,-,-,-,4775.47,-,-
13-Jun-18,-,-,-,4779.07,-,-
14-Jun-18,-,-,-,4759.28,-,-
15-Jun-18,-,-,-,4726.64,-,-
18-Jun-18,-,-,-,4768.36,-,-
19-Jun-18,-,-,-,4697.89,-,-
20-Jun-18,-,-,-,4712.58,-,-
21-Jun-18,-,-,-,4749.79,-,-
22-Jun-18,-,-,-,4716.2,-,-
25-Jun-18,-,-,-,4650.17,-,-
26-Jun-18,-,-,-,4623.83,-,-
27-Jun-18,-,-,-,4475.18,-,-
28-Jun-18,-,-,-,4368.54,-,-
29-Jun-18,-,-,-,4490.46,-,-
02-Jul-18,-,-,-,4441.79,-,-
03-Jul-18,-,-,-,4482.34,-,-
04-Jul-18,-,-,-,4499.5,-,-
05-Jul-18,-,-,-,4463.71,-,-
06-Jul-18,-,-,-,4500.1,-,-
09-Jul-18,-,-,-,4559.42,-,-
10-Jul-18,-,-,-,4619.92,-,-
11-Jul-18,-,-,-,4613.27,-,-
12-Jul-18,-,-,-,4706.89,-,-
13-Jul-18,-,-,-,4716.17,-,-
16-Jul-18,-,-,-,4653.63,-,-
17-Jul-18,-,-,-,4754.39,-,-
18-Jul-18,-,-,-,4795.56,-,-
19-Jul-18,-,-,-,4810.8,-,-
20-Jul-18,-,-,-,4802.84,-,-
23-Jul-18,-,-,-,4801.38,-,-
24-Jul-18,-,-,-,4832.65,-,-
25-Jul-18,-,-,-,4844.65,-,-
26-Jul-18,-,-,-,4845.22,-,-
27-Jul-18,-,-,-,4927.67,-,-
30-Jul-18,-,-,-,4975.2,-,-
31-Jul-18,-,-,-,5020.23,-,-
01-Aug-18,-,-,-,5065.82,-,-
02-Aug-18,-,-,-,5044.03,-,-
03-Aug-18,-,-,-,5063.72,-,-
06-Aug-18,-,-,-,5076.08,-,-
07-Aug-18,-,-,-,5035.58,-,-
08-Aug-18,-,-,-,5086.29,-,-
09-Aug-18,-,-,-,5071.5,-,-
10-Aug-18,-,-,-,5053.17,-,-
13-Aug-18,-,-,-,4963.42,-,-
14-Aug-18,-,-,-,4994.16,-,-
16-Aug-18,-,-,-,4968.38,-,-
17-Aug-18,-,-,-,4962.36,-,-
20-Aug-18,-,-,-,5034.18,-,-
21-Aug-18,-,-,-,5047.18,-,-
23-Aug-18,-,-,-,5060.61,-,-
24-Aug-18,-,-,-,5082.29,-,-
27-Aug-18,-,-,-,5134.19,-,-
28-Aug-18,-,-,-,5126.42,-,-
29-Aug-18,-,-,-,5115.83,-,-
30-Aug-18,-,-,-,5101.16,-,-
31-Aug-18,-,-,-,5067.92,-,-
03-Sep-18,-,-,-,5023.1,-,-
04-Sep-18,-,-,-,4974.42,-,-
05-Sep-18,-,-,-,4942.96,-,-
06-Sep-18,-,-,-,5021.48,-,-
07-Sep-18,-,-,-,5059.55,-,-
10-Sep-18,-,-,-,4974.99,-,-
11-Sep-18,-,-,-,4915,-,-
12-Sep-18,-,-,-,4926.48,-,-
14-Sep-18,-,-,-,5009.98,-,-
17-Sep-18,-,-,-,4983.88,-,-
18-Sep-18,-,-,-,4934.64,-,-
19-Sep-18,-,-,-,4965.89,-,-
21-Sep-18,-,-,-,5035.73,-,-
24-Sep-18,-,-,-,5003.37,-,-
25-Sep-18,-,-,-,4983.22,-,-
26-Sep-18,-,-,-,5027.51,-,-
27-Sep-18,-,-,-,5006.99,-,-
28-Sep-18,-,-,-,5011.5,-,-
01-Oct-18,-,-,-,4976.28,-,-
03-Oct-18,-,-,-,4983.04,-,-
04-Oct-18,-,-,-,4638.75,-,-
05-Oct-18,-,-,-,4138.44,-,-
08-Oct-18,-,-,-,4283.41,-,-
09-Oct-18,-,-,-,4202.19,-,-
10-Oct-18,-,-,-,4271.32,-,-
11-Oct-18,-,-,-,4359.48,-,-
12-Oct-18,-,-,-,4499.69,-,-
15-Oct-18,-,-,-,4527.72,-,-
16-Oct-18,-,-,-,4609.67,-,-
17-Oct-18,-,-,-,4511.48,-,-
19-Oct-18,-,-,-,4450.93,-,-
22-Oct-18,-,-,-,4340.08,-,-
23-Oct-18,-,-,-,4321.74,-,-
24-Oct-18,-,-,-,4392.63,-,-
25-Oct-18,-,-,-,4360.66,-,-
26-Oct-18,-,-,-,4356.62,-,-
29-Oct-18,-,-,-,4469.66,-,-
30-Oct-18,-,-,-,4385.6,-,-
31-Oct-18,-,-,-,4455.51,-,-
01-Nov-18,-,-,-,4475.66,-,-
02-Nov-18,-,-,-,4578.94,-,-
05-Nov-18,-,-,-,4537.54,-,-
06-Nov-18,-,-,-,4528.72,-,-
07-Nov-18,-,-,-,4562.64,-,-
09-Nov-18,-,-,-,4570.97,-,-
12-Nov-18,-,-,-,4487.77,-,-
13-Nov-18,-,-,-,4564.73,-,-
14-Nov-18,-,-,-,4606,-,-
15-Nov-18,-,-,-,4596.88,-,-
16-Nov-18,-,-,-,4599.31,-,-
19-Nov-18,-,-,-,4609.43,-,-
20-Nov-18,-,-,-,4589.52,-,-
21-Nov-18,-,-,-,4568.82,-,-
22-Nov-18,-,-,-,4525.49,-,-
26-Nov-18,-,-,-,4525.25,-,-
27-Nov-18,-,-,-,4571.77,-,-
28-Nov-18,-,-,-,4536.72,-,-
29-Nov-18,-,-,-,4562.58,-,-
30-Nov-18,-,-,-,4535.04,-,-
01-Jan-19,-,-,-,4640.35,-,-
02-Jan-19,-,-,-,4582.73,-,-
03-Jan-19,-,-,-,4507.21,-,-
04-Jan-19,-,-,-,4542.66,-,-
07-Jan-19,-,-,-,4558.04,-,-
08-Jan-19,-,-,-,4549.85,-,-
09-Jan-19,-,-,-,4490.01,-,-
10-Jan-19,-,-,-,4459.22,-,-
11-Jan-19,-,-,-,4459.08,-,-
14-Jan-19,-,-,-,4438.47,-,-
15-Jan-19,-,-,-,4523.94,-,-
16-Jan-19,-,-,-,4557.38,-,-
17-Jan-19,-,-,-,4580.16,-,-
18-Jan-19,-,-,-,4632.42,-,-
21-Jan-19,-,-,-,4691.62,-,-
22-Jan-19,-,-,-,4702.62,-,-
23-Jan-19,-,-,-,4696.13,-,-
24-Jan-19,-,-,-,4712.88,-,-
25-Jan-19,-,-,-,4717.36,-,-
28-Jan-19,-,-,-,4664.8,-,-
29-Jan-19,-,-,-,4615.35,-,-
30-Jan-19,-,-,-,4576.03,-,-
31-Jan-19,-,-,-,4654.59,-,-
01-Feb-19,-,-,-,4686.08,-,-
04-Feb-19,-,-,-,4725.05,-,-
05-Feb-19,-,-,-,4717.17,-,-
06-Feb-19,-,-,-,4790.46,-,-
07-Feb-19,-,-,-,4779.43,-,-
08-Feb-19,-,-,-,4705.79,-,-
11-Feb-19,-,-,-,4628.37,-,-
12-Feb-19,-,-,-,4630.4,-,-
13-Feb-19,-,-,-,4544.73,-,-
14-Feb-19,-,-,-,4454.76,-,-
15-Feb-19,-,-,-,4513.94,-,-
18-Feb-19,-,-,-,4486.14,-,-
19-Feb-19,-,-,-,4505.13,-,-
20-Feb-19,-,-,-,4594,-,-
21-Feb-19,-,-,-,4635.49,-,-
22-Feb-19,-,-,-,4666.7,-,-
25-Feb-19,-,-,-,4658.7,-,-
26-Feb-19,-,-,-,4663.59,-,-
27-Feb-19,-,-,-,4658.92,-,-
28-Feb-19,-,-,-,4707.88,-,-
01-Mar-19,-,-,-,4747.85,-,-
05-Mar-19,-,-,-,4860.52,-,-
06-Mar-19,-,-,-,4914.33,-,-
07-Mar-19,-,-,-,4889.24,-,-
08-Mar-19,-,-,-,4883.88,-,-
11-Mar-19,-,-,-,5020.91,-,-
12-Mar-19,-,-,-,5068.01,-,-
13-Mar-19,-,-,-,5060.18,-,-
14-Mar-19,-,-,-,5067.14,-,-
15-Mar-19,-,-,-,5106.79,-,-
18-Mar-19,-,-,-,5181.2,-,-
19-Mar-19,-,-,-,5246.77,-,-
20-Mar-19,-,-,-,5154.86,-,-
22-Mar-19,-,-,-,5077.39,-,-
25-Mar-19,-,-,-,5121.86,-,-
26-Mar-19,-,-,-,5199.77,-,-
27-Mar-19,-,-,-,5153.33,-,-
28-Mar-19,-,-,-,5178.53,-,-
29-Mar-19,-,-,-,5231.28,-,-
01-Apr-19,-,-,-,5233.71,-,-
02-Apr-19,-,-,-,5209.16,-,-
03-Apr-19,-,-,-,5109.58,-,-
04-Apr-19,-,-,-,5057.9,-,-
05-Apr-19,-,-,-,5101.49,-,-
08-Apr-19,-,-,-,5024.98,-,-
09-Apr-19,-,-,-,5052.82,-,-
10-Apr-19,-,-,-,5042.18,-,-
11-Apr-19,-,-,-,5090.08,-,-
12-Apr-19,-,-,-,5095.47,-,-
15-Apr-19,-,-,-,5074.54,-,-
16-Apr-19,-,-,-,5115.27,-,-
18-Apr-19,-,-,-,5178.16,-,-
22-Apr-19,-,-,-,5015.18,-,-
23-Apr-19,-,-,-,5053.6,-,-
24-Apr-19,-,-,-,5163.22,-,-
25-Apr-19,-,-,-,5151.36,-,-
26-Apr-19,-,-,-,5221.13,-,-
30-Apr-19,-,-,-,5271.29,-,-
02-May-19,-,-,-,5255.19,-,-
03-May-19,-,-,-,5252.29,-,-
06-May-19,-,-,-,5239.89,-,-
07-May-19,-,-,-,5157.33,-,-
08-May-19,-,-,-,5070.54,-,-
09-May-19,-,-,-,4999.31,-,-
10-May-19,-,-,-,4949.9,-,-
13-May-19,-,-,-,4846.72,-,-
14-May-19,-,-,-,4920.62,-,-
15-May-19,-,-,-,4894.11,-,-
16-May-19,-,-,-,4961.05,-,-
17-May-19,-,-,-,4984.78,-,-
20-May-19,-,-,-,5200.51,-,-
21-May-19,-,-,-,5153.85,-,-
22-May-19,-,-,-,5181.01,-,-
23-May-19,-,-,-,5163.82,-,-
24-May-19,-,-,-,5225.44,-,-
27-May-19,-,-,-,5259.7,-,-
28-May-19,-,-,-,5288.81,-,-
29-May-19,-,-,-,5243.28,-,-
30-May-19,-,-,-,5286.33,-,-
31-May-19,-,-,-,5329,-,-
03-Jun-19,-,-,-,5390.52,-,-
04-Jun-19,-,-,-,5342.72,-,-
06-Jun-19,-,-,-,5200.08,-,-
07-Jun-19,-,-,-,5173.78,-,-
10-Jun-19,-,-,-,5130.54,-,-
11-Jun-19,-,-,-,5180.19,-,-
12-Jun-19,-,-,-,5174.82,-,-
13-Jun-19,-,-,-,5159.52,-,-
14-Jun-19,-,-,-,5132.01,-,-
17-Jun-19,-,-,-,5011.89,-,-
18-Jun-19,-,-,-,5054.33,-,-
19-Jun-19,-,-,-,5022.41,-,-
20-Jun-19,-,-,-,5093.31,-,-
21-Jun-19,-,-,-,5049.15,-,-
24-Jun-19,-,-,-,4967.51,-,-
25-Jun-19,-,-,-,5053.99,-,-
26-Jun-19,-,-,-,5057.36,-,-
27-Jun-19,-,-,-,5057.23,-,-
28-Jun-19,-,-,-,5013.86,-,-
01-Jul-19,-,-,-,4954.92,-,-
02-Jul-19,-,-,-,5006.01,-,-
03-Jul-19,-,-,-,5016.31,-,-
04-Jul-19,-,-,-,5030.4,-,-
05-Jul-19,-,-,-,4934.45,-,-
08-Jul-19,-,-,-,4812.93,-,-
09-Jul-19,-,-,-,4880.26,-,-
10-Jul-19,-,-,-,4842.65,-,-
11-Jul-19,-,-,-,4869.1,-,-
12-Jul-19,-,-,-,4837.41,-,-
15-Jul-19,-,-,-,4835.27,-,-
16-Jul-19,-,-,-,4905.58,-,-
17-Jul-19,-,-,-,4869.46,-,-
18-Jul-19,-,-,-,4788.46,-,-
19-Jul-19,-,-,-,4753.98,-,-
22-Jul-19,-,-,-,4815.4,-,-
23-Jul-19,-,-,-,4801.15,-,-
24-Jul-19,-,-,-,4729.59,-,-
25-Jul-19,-,-,-,4663.61,-,-
26-Jul-19,-,-,-,4626.53,-,-
29-Jul-19,-,-,-,4585.17,-,-
30-Jul-19,-,-,-,4488.54,-,-
31-Jul-19,-,-,-,4522.49,-,-
01-Aug-19,-,-,-,4514.57,-,-
02-Aug-19,-,-,-,4486.45,-,-
05-Aug-19,-,-,-,4387.46,-,-
06-Aug-19,-,-,-,4382.02,-,-
07-Aug-19,-,-,-,4314.32,-,-
08-Aug-19,-,-,-,4406.71,-,-
09-Aug-19,-,-,-,4421.02,-,-
13-Aug-19,-,-,-,4528.02,-,-
14-Aug-19,-,-,-,4579.23,-,-
16-Aug-19,-,-,-,4577.13,-,-
19-Aug-19,-,-,-,4566.37,-,-
20-Aug-19,-,-,-,4527.8,-,-
21-Aug-19,-,-,-,4456.28,-,-
22-Aug-19,-,-,-,4349.62,-,-
23-Aug-19,-,-,-,4477.84,-,-
26-Aug-19,-,-,-,4525.86,-,-
27-Aug-19,-,-,-,4591,-,-
28-Aug-19,-,-,-,4554.22,-,-
29-Aug-19,-,-,-,4543.07,-,-
30-Aug-19,-,-,-,4546.24,-,-
03-Sep-19,-,-,-,4426.52,-,-
04-Sep-19,-,-,-,4452.79,-,-
05-Sep-19,-,-,-,4538.48,-,-
06-Sep-19,-,-,-,4585.46,-,-
09-Sep-19,-,-,-,4602.36,-,-
11-Sep-19,-,-,-,4601.09,-,-
12-Sep-19,-,-,-,4550.27,-,-
13-Sep-19,-,-,-,4659.03,-,-
16-Sep-19,-,-,-,4593.36,-,-
17-Sep-19,-,-,-,4530.93,-,-
18-Sep-19,-,-,-,4570.06,-,-
19-Sep-19,-,-,-,4480.35,-,-
20-Sep-19,-,-,-,4746.54,-,-
23-Sep-19,-,-,-,4857.26,-,-
24-Sep-19,-,-,-,4888.38,-,-
25-Sep-19,-,-,-,4877.54,-,-
26-Sep-19,-,-,-,4985.66,-,-
27-Sep-19,-,-,-,4957.83,-,-
30-Sep-19,-,-,-,4993.74,-,-
01-Oct-19,-,-,-,4970.5,-,-
03-Oct-19,-,-,-,5042.6,-,-
04-Oct-19,-,-,-,5015.68,-,-
07-Oct-19,-,-,-,4946.47,-,-
09-Oct-19,-,-,-,4990.28,-,-
10-Oct-19,-,-,-,5022.15,-,-
11-Oct-19,-,-,-,5000.01,-,-
14-Oct-19,-,-,-,5055.85,-,-
15-Oct-19,-,-,-,5097.32,-,-
16-Oct-19,-,-,-,5148.95,-,-
17-Oct-19,-,-,-,5191.32,-,-
18-Oct-19,-,-,-,5249.07,-,-
22-Oct-19,-,-,-,5274.31,-,-
23-Oct-19,-,-,-,5199.12,-,-
24-Oct-19,-,-,-,5208.15,-,-
25-Oct-19,-,-,-,5220.01,-,-
27-Oct-19,-,-,-,5239.15,-,-
29-Oct-19,-,-,-,5314.13,-,-
30-Oct-19,-,-,-,5379.35,-,-
31-Oct-19,-,-,-,5393.62,-,-
01-Nov-19,-,-,-,5360.44,-,-
04-Nov-19,-,-,-,5371.17,-,-
05-Nov-19,-,-,-,5330.21,-,-
06-Nov-19,-,-,-,5315.02,-,-
07-Nov-19,-,-,-,5296.71,-,-
08-Nov-19,-,-,-,5217.89,-,-
11-Nov-19,-,-,-,5242.32,-,-
13-Nov-19,-,-,-,5247.18,-,-
14-Nov-19,-,-,-,5235.08,-,-
15-Nov-19,-,-,-,5221.57,-,-
18-Nov-19,-,-,-,5214.27,-,-
19-Nov-19,-,-,-,5282.18,-,-
20-Nov-19,-,-,-,5363.36,-,-
21-Nov-19,-,-,-,5270.82,-,-
22-Nov-19,-,-,-,5275.07,-,-
25-Nov-19,-,-,-,5289.84,-,-
26-Nov-19,-,-,-,5272.12,-,-
27-Nov-19,-,-,-,5320.81,-,-
28-Nov-19,-,-,-,5356.84,-,-
29-Nov-19,-,-,-,5304.77,-,-
01-Jan-20,-,-,-,5173.3,-,-
02-Jan-20,-,-,-,5224.22,-,-
03-Jan-20,-,-,-,5217.22,-,-
06-Jan-20,-,-,-,5099.56,-,-
07-Jan-20,-,-,-,5119.1,-,-
08-Jan-20,-,-,-,5082.28,-,-
09-Jan-20,-,-,-,5165.84,-,-
10-Jan-20,-,-,-,5167.16,-,-
13-Jan-20,-,-,-,5192.69,-,-
14-Jan-20,-,-,-,5196.52,-,-
15-Jan-20,-,-,-,5209.55,-,-
16-Jan-20,-,-,-,5203.19,-,-
17-Jan-20,-,-,-,5242.03,-,-
20-Jan-20,-,-,-,5157.92,-,-
21-Jan-20,-,-,-,5153.74,-,-
22-Jan-20,-,-,-,5089.66,-,-
23-Jan-20,-,-,-,5162.29,-,-
24-Jan-20,-,-,-,5165.39,-,-
27-Jan-20,-,-,-,5128.09,-,-
28-Jan-20,-,-,-,5110.97,-,-
01-Feb-20,-,-,-,4790.21,-,-
03-Feb-20,-,-,-,4803.57,-,-
04-Feb-20,-,-,-,4954.18,-,-
05-Feb-20,-,-,-,5021.57,-,-
06-Feb-20,-,-,-,5064,-,-
07-Feb-20,-,-,-,5037.22,-,-
10-Feb-20,-,-,-,4994.88,-,-
11-Feb-20,-,-,-,5020.22,-,-
12-Feb-20,-,-,-,5043.71,-,-
13-Feb-20,-,-,-,5017.05,-,-
14-Feb-20,-,-,-,5000.86,-,-
17-Feb-20,-,-,-,4919.52,-,-
18-Feb-20,-,-,-,4921.62,-,-
19-Feb-20,-,-,-,5006.37,-,-
20-Feb-20,-,-,-,4971.79,-,-
24-Feb-20,-,-,-,4846.22,-,-
25-Feb-20,-,-,-,4780.63,-,-
26-Feb-20,-,-,-,4697.16,-,-
27-Feb-20,-,-,-,4644.55,-,-
28-Feb-20,-,-,-,4487.76,-,-
02-Mar-20,-,-,-,4409.07,-,-
03-Mar-20,-,-,-,4533.21,-,-
04-Mar-20,-,-,-,4506.16,-,-
05-Mar-20,-,-,-,4462.48,-,-
06-Mar-20,-,-,-,4343.43,-,-
09-Mar-20,-,-,-,4059.32,-,-
11-Mar-20,-,-,-,4021.2,-,-
12-Mar-20,-,-,-,3637.84,-,-
13-Mar-20,-,-,-,3825.33,-,-
16-Mar-20,-,-,-,3596.8,-,-
17-Mar-20,-,-,-,3563.51,-,-
18-Mar-20,-,-,-,3445.94,-,-
19-Mar-20,-,-,-,3279.86,-,-
20-Mar-20,-,-,-,3577.14,-,-
23-Mar-20,-,-,-,3158.58,-,-
24-Mar-20,-,-,-,3203.12,-,-
25-Mar-20,-,-,-,3379.32,-,-
26-Mar-20,-,-,-,3437.01,-,-
27-Mar-20,-,-,-,3400.19,-,-
30-Mar-20,-,-,-,3338.22,-,-
31-Mar-20,-,-,-,3615.06,-,-
01-Apr-20,-,-,-,3530.41,-,-
03-Apr-20,-,-,-,3588.6,-,-
07-Apr-20,-,-,-,3873.52,-,-
08-Apr-20,-,-,-,3882.02,-,-
09-Apr-20,-,-,-,3984.38,-,-
13-Apr-20,-,-,-,3925.59,-,-
15-Apr-20,-,-,-,3887.01,-,-
16-Apr-20,-,-,-,3958.65,-,-
17-Apr-20,-,-,-,4038.81,-,-
20-Apr-20,-,-,-,4084.05,-,-
21-Apr-20,-,-,-,3965.15,-,-
22-Apr-20,-,-,-,4093.52,-,-
23-Apr-20,-,-,-,4113.49,-,-
24-Apr-20,-,-,-,4123.58,-,-
27-Apr-20,-,-,-,4172.84,-,-
28-Apr-20,-,-,-,4201.18,-,-
29-Apr-20,-,-,-,4247.42,-,-
30-Apr-20,-,-,-,4422.85,-,-
04-May-20,-,-,-,4268.75,115152706,4827.35
05-May-20,-,-,-,4286.5,-,-
06-May-20,-,-,-,4280.18,-,-
07-May-20,-,-,-,4276.78,-,-
08-May-20,-,-,-,4326.87,-,-
11-May-20,-,-,-,4362.63,98550309,6146.94
12-May-20,-,-,-,4214.45,112100347,7919.31
13-May-20,-,-,-,4272.96,106494135,5585.62
14-May-20,-,-,-,4154.32,74560300,4047.97
15-May-20,-,-,-,4185.22,103258288,5293.5
18-May-20,-,-,-,4033.61,106905123,5330.21
19-May-20,-,-,-,4041.48,121911867,4088.25
20-May-20,-,-,-,4130.93,92306578,4593.51
21-May-20,-,-,-,4160.2,85325685,3580.84
22-May-20,-,-,-,4147.75,78816201,3447.22
26-May-20,-,-,-,4161.79,76334766,3127.11
27-May-20,-,-,-,4213.68,74514385,3295.55
28-May-20,-,-,-,4263.08,84784803,3746.07
29-May-20,-,-,-,4367.34,184142190,5981.36
01-Jun-20,-,-,-,4448.45,115677780,4283.27
02-Jun-20,-,-,-,4485.44,87873912,2717.36
03-Jun-20,-,-,-,4555.77,124101978,3746.38
04-Jun-20,-,-,-,4607.72,122892443,4730.22
05-Jun-20,-,-,-,4661.86,104434272,4052.52
08-Jun-20,-,-,-,4748.41,169776124,4812.33
09-Jun-20,-,-,-,4661.83,105430556,3539.53
10-Jun-20,-,-,-,4668.99,84617681,2815.3
11-Jun-20,-,-,-,4599.94,140342077,3572.18
12-Jun-20,-,-,-,4662.87,120784541,4562.47
15-Jun-20,-,-,-,4669.56,133733399,5470.24
16-Jun-20,-,-,-,4664.53,114905814,5441.34
17-Jun-20,-,-,-,4666.47,99124128,4466.55
18-Jun-20,-,-,-,4726.62,101761647,4736.94
19-Jun-20,-,-,-,4884.04,155475798,10148.58
22-Jun-20,-,-,-,4901.75,126649458,6695.29
23-Jun-20,-,-,-,4891.08,113524686,4423.04
24-Jun-20,-,-,-,4852.4,158120493,6078.75
25-Jun-20,-,-,-,4816.79,265551438,6221.12
26-Jun-20,-,-,-,4929.01,144029195,4423.14
29-Jun-20,-,-,-,4851.81,85198912,3218.91
30-Jun-20,-,-,-,4787.17,105461110,3820.52
01-Jul-20,-,-,-,4834.18,102455962,3610.68
02-Jul-20,-,-,-,4882.42,113766129,3810.2
03-Jul-20,-,-,-,4933.04,80242738,3599.62
06-Jul-20,-,-,-,5010.79,88840278,5079.99
07-Jul-20,-,-,-,4896.18,96773229,4540.09
08-Jul-20,-,-,-,4860.27,90708461,3589.42
09-Jul-20,-,-,-,4868.74,107025483,4547.81
10-Jul-20,-,-,-,4894.96,91979045,5085.97
13-Jul-20,-,-,-,4961.31,91938604,7217.36
14-Jul-20,-,-,-,4916.16,91760759,7143.77
15-Jul-20,-,-,-,4793.64,128924069,13428.96
16-Jul-20,-,-,-,4826.21,105086880,6642.73
17-Jul-20,-,-,-,5042.91,200554212,8233.38
20-Jul-20,-,-,-,5063.54,95671232,4839.3
21-Jul-20,-,-,-,5195.12,235397824,8261.08
22-Jul-20,-,-,-,5177.39,128878521,7406.23
23-Jul-20,-,-,-,5254.33,160888201,8633.75
24-Jul-20,-,-,-,5270.3,133314092,13322.07
27-Jul-20,-,-,-,5274.41,143346912,10244.03
28-Jul-20,-,-,-,5290.13,101396196,7086.22
29-Jul-20,-,-,-,5213.63,104197830,8505.13
30-Jul-20,-,-,-,5129.89,142125587,9251.61
31-Jul-20,-,-,-,5083.27,123422184,8663.83
03-Aug-20,-,-,-,5003.97,108786260,5918.37
04-Aug-20,-,-,-,5114.91,146306404,11045
05-Aug-20,-,-,-,5105.43,106217526,8761.53
06-Aug-20,-,-,-,5129.2,124971079,6526.29
07-Aug-20,-,-,-,5161.31,103026381,4885.48
10-Aug-20,-,-,-,5147.2,74037681,3830.2
11-Aug-20,-,-,-,5176.51,93375433,6088.21
12-Aug-20,-,-,-,5171.07,87811813,4330.33
13-Aug-20,-,-,-,5180.62,81676310,3801.63
14-Aug-20,-,-,-,5115.07,94285464,4721.66
17-Aug-20,-,-,-,5113.74,89875849,4344.27
18-Aug-20,-,-,-,5143.82,106532767,4616.16
19-Aug-20,-,-,-,5165.79,128401663,5308.53
20-Aug-20,-,-,-,5186.32,162950305,5120.37
21-Aug-20,-,-,-,5168.22,97222973,4189.4
24-Aug-20,-,-,-,5184.5,69952565,4275.72
25-Aug-20,-,-,-,5173.7,106781435,3608.21
26-Aug-20,-,-,-,5218.07,96188728,6999.81
27-Aug-20,-,-,-,5172.9,87480191,4244.35
28-Aug-20,-,-,-,5192.55,81726583,3956.86
31-Aug-20,-,-,-,5087.73,273553315,9506.59
01-Sep-20,-,-,-,5067.02,136059469,5480.42
02-Sep-20,-,-,-,5136.6,89979399,3840.76
03-Sep-20,-,-,-,5117.82,73809171,2852.16
04-Sep-20,-,-,-,5039.85,79815220,3822.5
07-Sep-20,-,-,-,5022.25,77089645,3185.44
08-Sep-20,-,-,-,5028.77,92352422,4224.2
09-Sep-20,-,-,-,5033.23,125106893,6826.75
10-Sep-20,-,-,-,5240.65,182324726,16973.02
11-Sep-20,-,-,-,5249.23,100478338,7757.56
14-Sep-20,-,-,-,5237.32,90235386,5973.08
15-Sep-20,-,-,-,5273.71,68708525,4018.28
16-Sep-20,-,-,-,5252.69,70706737,4614.07
17-Sep-20,-,-,-,5221.69,75430937,3861.15
18-Sep-20,-,-,-,5221.17,132264703,5647.5
21-Sep-20,-,-,-,5081.94,98596553,4982.14
22-Sep-20,-,-,-,4966.03,113907105,5170.09
23-Sep-20,-,-,-,4952.75,100903380,5584.39
24-Sep-20,-,-,-,4822.88,109565794,4209.1
25-Sep-20,-,-,-,4908.07,105069234,4298.37
28-Sep-20,-,-,-,5000.28,88168135,3132.05
29-Sep-20,-,-,-,4990.99,83761552,3830.75
30-Sep-20,-,-,-,4914.8,126527736,5016.55
01-Oct-20,-,-,-,4920.95,91685627,3656.07
05-Oct-20,-,-,-,4916.19,79079810,2983.04
06-Oct-20,-,-,-,4906.81,65127265,2749.12
07-Oct-20,-,-,-,4907.84,133151747,6990.82
08-Oct-20,-,-,-,4871.29,85678327,3348.02
09-Oct-20,-,-,-,4890.82,98986502,3289.87
12-Oct-20,-,-,-,4850.55,59663091,2311.79
13-Oct-20,-,-,-,4853.76,65782973,3304.16
14-Oct-20,-,-,-,4816.26,98164579,3982.73
15-Oct-20,-,-,-,4741.48,85504046,3295.89
16-Oct-20,-,-,-,4777.3,95734451,3530.56
19-Oct-20,-,-,-,4844.03,104665505,4293.52
20-Oct-20,-,-,-,4789.65,75942050,2731.77
21-Oct-20,-,-,-,4806.04,114382847,4887.65
22-Oct-20,-,-,-,4846.33,117792577,4427.1
23-Oct-20,-,-,-,4857.05,71069999,3139.56
26-Oct-20,-,-,-,4755.22,77320509,4476.42
27-Oct-20,-,-,-,4771.95,86883203,4471.19
28-Oct-20,-,-,-,4729.4,82479368,3752.23
29-Oct-20,-,-,-,4738.35,99166424,3956.48
30-Oct-20,-,-,-,4806.91,165339058,5373.31
02-Nov-20,-,-,-,4646.26,112074285,9742.29
03-Nov-20,-,-,-,4632.7,101735868,8608.97
04-Nov-20,-,-,-,4684.29,96683197,7915.08
05-Nov-20,-,-,-,4820.05,149024109,5655.43
06-Nov-20,-,-,-,4882.95,100030886,7324.43
09-Nov-20,-,-,-,4947.95,82999204,4664.29
10-Nov-20,-,-,-,5035.72,127732985,5022.5
11-Nov-20,-,-,-,5040.54,143441063,7210.07
12-Nov-20,-,-,-,5029.78,90105939,4917.31
13-Nov-20,-,-,-,5057.14,93985735,5639.68
14-Nov-20,-,-,-,5117.64,30418836,1072.13
17-Nov-20,-,-,-,5101.72,134647413,6611.39
18-Nov-20,-,-,-,5123.79,126153253,5687.3
19-Nov-20,-,-,-,5092.66,125845061,4848.08
20-Nov-20,-,-,-,5072.94,128054921,6958.31
23-Nov-20,-,-,-,5190.67,154818093,6161.66
24-Nov-20,-,-,-,5206.42,113617054,4340.56
25-Nov-20,-,-,-,5204.29,176458826,4994.72
26-Nov-20,-,-,-,5194.55,105024090,3793.75
27-Nov-20,-,-,-,5217.53,257737304,9971.31
01-Dec-20,-,-,-,5317.4,189767673,4526.14
